,time,train_coeff_0_mean_squared_error,train_coeff_1_mean_squared_error,train_coeff_2_mean_squared_error,train_coeff_3_mean_squared_error,valid_coeff_0_mean_squared_error,valid_coeff_1_mean_squared_error,valid_coeff_2_mean_squared_error,valid_coeff_3_mean_squared_error,learning_rate
0,21:52:08 2019-06-02,0.0954415276646614,0.1893657892942429,0.5260348320007324,1.0101639032363892,0.08047250658273697,0.08198375999927521,0.012616110034286976,0.04661685228347778,0.0001
1,21:52:09 2019-06-02,0.04602544009685517,0.27421295642852783,0.1586054116487503,0.8412684798240662,0.0007233548676595093,0.015699611976742744,0.15695741772651672,0.7026283740997314,0.0001
2,21:52:10 2019-06-02,0.19508467614650726,0.26996472477912903,0.3719511926174164,0.16232174634933472,0.010121253319084644,0.07144603133201599,0.33756259083747864,0.10186521708965304,0.0001
3,21:52:11 2019-06-02,0.2790126800537109,0.11937884241342545,1.4755064249038696,0.5625311732292175,0.09070270508527756,0.013085572980344296,0.2464403361082077,0.138683021068573,0.0001
4,21:52:12 2019-06-02,0.2819471061229706,0.050351317971944816,0.3633453845977783,0.5195773243904114,0.018597304821014404,0.046798363327980035,0.4955034255981445,0.5070939660072327,0.0001
5,21:52:12 2019-06-02,0.20666293799877167,0.1778547614812851,1.2005149126052856,0.703366756439209,0.020964551717042926,0.0363461971282959,0.5765993595123291,0.5667816996574402,0.0001
6,21:52:13 2019-06-02,0.2573907971382141,0.13429060578346252,0.17777536809444427,0.3897759020328522,0.028306419029831886,0.0038687395863235,0.04594621807336807,0.14954622089862826,0.0001
7,21:52:14 2019-06-02,0.32568156719207764,0.16669733822345734,0.7170486450195312,0.2832947075366974,0.03257947787642479,0.012793517671525478,0.3337505459785461,0.03073927387595177,0.0001
8,21:52:15 2019-06-02,0.1179300919175148,0.2776935398578644,0.2923204004764557,0.15620939433574674,0.0767495185136795,0.08026000112295151,0.07841362059116364,0.05030178651213646,5e-05
9,21:52:15 2019-06-02,0.2632134556770325,0.16385705769062042,0.3481416702270508,0.20087717473506927,0.051412202417850494,0.06873223185539246,0.10886159539222716,0.03061543405056,5e-05
10,21:52:42 2019-06-02,0.0954415276646614,0.1893657892942429,0.5260348320007324,1.0101639032363892,0.08047250658273697,0.08198375999927521,0.012616110034286976,0.04661685228347778,0.0001
11,21:52:43 2019-06-02,0.04602544009685517,0.27421295642852783,0.1586054116487503,0.8412684798240662,0.0007233548676595093,0.015699611976742744,0.15695741772651672,0.7026283740997314,0.0001
12,21:52:43 2019-06-02,0.19508467614650726,0.26996472477912903,0.3719511926174164,0.16232174634933472,0.010121253319084644,0.07144603133201599,0.33756259083747864,0.10186521708965304,0.0001
13,21:52:44 2019-06-02,0.2790126800537109,0.11937884241342545,1.4755064249038696,0.5625311732292175,0.09070270508527756,0.013085572980344296,0.2464403361082077,0.138683021068573,0.0001
14,21:52:45 2019-06-02,0.2819471061229706,0.050351317971944816,0.3633453845977783,0.5195773243904114,0.018597304821014404,0.046798363327980035,0.4955034255981445,0.5070939660072327,0.0001
15,21:52:45 2019-06-02,0.20666293799877167,0.1778547614812851,1.2005149126052856,0.703366756439209,0.020964551717042926,0.0363461971282959,0.5765993595123291,0.5667816996574402,0.0001
16,21:52:46 2019-06-02,0.2573907971382141,0.13429060578346252,0.17777536809444427,0.3897759020328522,0.028306419029831886,0.0038687395863235,0.045946218073368066,0.14954622089862826,0.0001
17,21:52:47 2019-06-02,0.32568156719207764,0.16669733822345734,0.7170486450195312,0.2832947075366974,0.03257947787642479,0.012793517671525478,0.3337505459785461,0.03073927387595177,0.0001
18,21:52:47 2019-06-02,0.1179300919175148,0.2776935398578644,0.2923204004764557,0.15620939433574674,0.0767495185136795,0.08026000112295151,0.07841362059116364,0.05030178651213646,5e-05
19,21:52:48 2019-06-02,0.2632134556770325,0.16385705769062042,0.3481416702270508,0.20087717473506927,0.051412202417850494,0.06873223185539246,0.10886159539222716,0.03061543405056,5e-05
20,21:52:59 2019-06-02,0.0954415276646614,0.1893657892942429,0.5260348320007324,1.0101639032363892,0.08047250658273697,0.08198375999927521,0.012616110034286976,0.04661685228347778,0.0001
21,21:53:00 2019-06-02,0.04602544009685517,0.27421295642852783,0.1586054116487503,0.8412684798240662,0.0007233548676595093,0.015699611976742744,0.15695741772651672,0.7026283740997314,0.0001
22,21:53:01 2019-06-02,0.19508467614650726,0.26996472477912903,0.3719511926174164,0.16232174634933472,0.010121253319084644,0.07144603133201599,0.33756259083747864,0.10186521708965304,0.0001
23,21:53:01 2019-06-02,0.2790126800537109,0.11937884241342545,1.4755064249038696,0.5625311732292175,0.09070270508527756,0.013085572980344296,0.2464403361082077,0.138683021068573,0.0001
24,21:53:02 2019-06-02,0.2819471061229706,0.050351317971944816,0.3633453845977783,0.5195773243904114,0.018597304821014404,0.046798363327980035,0.4955034255981445,0.5070939660072327,0.0001
25,21:53:03 2019-06-02,0.20666293799877167,0.1778547614812851,1.2005149126052856,0.703366756439209,0.020964551717042926,0.0363461971282959,0.5765993595123291,0.5667816996574402,0.0001
26,21:53:03 2019-06-02,0.2573907971382141,0.13429060578346252,0.17777536809444427,0.3897759020328522,0.028306419029831886,0.0038687395863235,0.04594621807336807,0.14954622089862826,0.0001
27,21:53:04 2019-06-02,0.32568156719207764,0.16669733822345734,0.7170486450195312,0.2832947075366974,0.03257947787642479,0.012793517671525478,0.3337505459785461,0.03073927387595177,0.0001
28,21:53:05 2019-06-02,0.1179300919175148,0.2776935398578644,0.2923204004764557,0.15620939433574674,0.0767495185136795,0.08026000112295151,0.07841362059116364,0.05030178651213646,5e-05
29,21:53:05 2019-06-02,0.2632134556770325,0.16385705769062042,0.3481416702270508,0.20087717473506927,0.051412202417850494,0.06873223185539246,0.10886159539222716,0.03061543405056,5e-05
30,21:53:38 2019-06-02,0.0954415276646614,0.1893657892942429,0.5260348320007324,1.0101639032363892,0.08047250658273697,0.08198375999927521,0.012616110034286976,0.04661685228347778,0.0001
31,21:53:39 2019-06-02,0.04602544009685517,0.27421295642852783,0.1586054116487503,0.8412684798240662,0.0007233548676595093,0.015699611976742744,0.15695741772651672,0.7026283740997314,0.0001
32,21:53:40 2019-06-02,0.19508467614650726,0.26996472477912903,0.3719511926174164,0.16232174634933472,0.010121253319084644,0.07144603133201599,0.33756259083747864,0.10186521708965304,0.0001
33,21:53:40 2019-06-02,0.2790126800537109,0.11937884241342545,1.4755064249038696,0.5625311732292175,0.09070270508527756,0.013085572980344296,0.2464403361082077,0.138683021068573,0.0001
34,21:53:41 2019-06-02,0.2819471061229706,0.050351317971944816,0.3633453845977783,0.5195773243904114,0.018597304821014404,0.046798363327980035,0.4955034255981445,0.5070939660072327,0.0001
35,21:53:42 2019-06-02,0.20666293799877167,0.1778547614812851,1.2005149126052856,0.703366756439209,0.020964551717042926,0.0363461971282959,0.5765993595123291,0.5667816996574402,0.0001
36,21:53:42 2019-06-02,0.2573907971382141,0.13429060578346252,0.17777536809444427,0.3897759020328522,0.028306419029831886,0.0038687395863235,0.045946218073368066,0.14954622089862826,0.0001
37,21:53:43 2019-06-02,0.32568156719207764,0.16669733822345734,0.7170486450195312,0.2832947075366974,0.03257947787642479,0.012793517671525478,0.3337505459785461,0.03073927387595177,0.0001
38,21:53:44 2019-06-02,0.1179300919175148,0.2776935398578644,0.2923204004764557,0.15620939433574674,0.0767495185136795,0.08026000112295151,0.07841362059116364,0.05030178651213646,5e-05
39,21:53:44 2019-06-02,0.2632134556770325,0.16385705769062042,0.3481416702270508,0.20087717473506927,0.051412202417850494,0.06873223185539246,0.10886159539222716,0.03061543405056,5e-05
40,21:53:45 2019-06-02,0.2013705372810364,0.04283760488033295,0.7129842638969421,0.10060181468725203,0.02783148922026157,0.01904872618615628,0.15629802644252774,0.1357840895652771,5e-05
41,21:53:45 2019-06-02,0.3720388114452362,0.14522460103034973,0.5922458171844482,0.03723050281405449,0.14438612759113312,0.01344293076545,0.07944366335868835,0.10689748823642732,5e-05
42,21:53:46 2019-06-02,0.20145295560359955,0.08384176343679428,0.1943347305059433,0.19316338002681727,0.035165470093488686,0.015017571859061718,0.0028751427307724953,0.135894775390625,5e-05
43,21:53:47 2019-06-02,0.1146579384803772,0.12001430243253708,0.13893117010593414,0.19299352169036865,0.07839502394199371,0.02066084742546081,0.005564922466874123,0.08375218510627748,5e-05
44,21:53:47 2019-06-02,0.7508172988891602,0.17083044350147247,0.13425008952617645,0.2936052978038788,0.2450722157955169,0.04640397429466248,0.0038032880984246726,0.04760078340768814,5e-05
45,21:53:48 2019-06-02,0.3182801902294159,0.1889645904302597,0.1908442825078964,0.2639288008213043,0.006159485783427954,0.0770091786980629,0.048738785088062286,0.1988627016544342,5e-05
46,21:53:49 2019-06-02,0.1465667337179184,0.19396276772022247,0.3449141979217529,0.1073468029499054,0.01796240173280239,0.08224910497665405,0.05967116728425026,0.16088558733463287,2.5e-05
47,21:53:49 2019-06-02,0.06380198150873184,0.08378127962350845,0.0612705759704113,0.1953163594007492,0.023547209799289703,0.11762207746505735,0.02321318164467812,0.08001086115837097,2.5e-05
48,21:53:50 2019-06-02,0.1335306018590927,0.15720069408416748,0.05356660857796669,0.2078607082366944,0.005520328879356384,0.11703412234783173,0.0034071877598762512,0.04089156538248062,2.5e-05
49,21:53:50 2019-06-02,0.17788243293762207,0.19264841079711914,0.12282489985227585,0.030470378696918488,0.016563810408115387,0.05188369005918503,0.010917909443378448,0.02044200152158737,2.5e-05
50,21:53:51 2019-06-02,0.08478334546089172,0.1241476759314537,0.05613965168595314,0.07393763214349748,0.02796120569109917,0.021494464948773384,0.017434611916542053,0.012806267477571964,2.5e-05
51,21:53:52 2019-06-02,0.0769658014178276,0.1512131690979004,0.0555013082921505,0.35946452617645264,0.0077476860024034986,0.02080366760492325,0.01609792187809944,0.012463049963116646,2.5e-05
52,21:53:52 2019-06-02,0.14275740087032318,0.04939527437090874,0.11921856552362442,0.07597506791353226,0.012066454626619816,0.02998640015721321,0.003927274141460657,0.014236392453312876,2.5e-05
53,21:53:53 2019-06-02,0.08593662828207016,0.07603180408477782,0.1930791735649109,0.05810750648379327,0.01887774094939232,0.07363997399806976,0.004299897700548172,0.02378627099096775,2.5e-05
54,21:53:54 2019-06-02,0.20120756328105927,0.07843371480703354,0.10732755810022354,0.15924930572509766,0.014220215380191803,0.06902007013559341,0.0056271497160196296,0.023987574502825737,1.25e-05
55,21:53:54 2019-06-02,0.06446027010679245,0.29400670528411865,0.03150730952620506,0.00591382896527648,0.007982385344803333,0.04274623095989226,0.003560960525646805,0.01831863448023796,1.25e-05
56,21:53:55 2019-06-02,0.0944344475865364,0.05835789442062377,0.08691731840372086,0.24658043682575226,0.0070791258476674565,0.03129580616950989,0.004151896107941866,0.019165797159075737,1.25e-05
57,21:53:56 2019-06-02,0.12094216793775554,0.08925816416740417,0.08651485294103622,0.042709123343229294,0.02193144336342812,0.030433334410190582,0.005377505905926229,0.024934150278568268,1.25e-05
58,21:53:56 2019-06-02,0.10338470339775084,0.060152430087327964,0.13984452188014984,0.04431569203734398,0.04413483291864395,0.034279704093933105,0.005281451623886825,0.03121596574783325,1.25e-05
59,21:53:57 2019-06-02,0.011779226362705229,0.08337099105119705,0.04657955840229988,0.07267020642757416,0.0410117581486702,0.048703610897064216,0.006261346861720085,0.04281266033649445,1.25e-05
60,21:53:57 2019-06-02,0.12289585918188095,0.19576270878314966,0.15742099285125732,0.15316295623779294,0.02490067481994629,0.05765780061483384,0.006979523226618767,0.05182240903377533,1.25e-05
61,21:53:58 2019-06-02,0.07218550890684128,0.06584450602531433,0.05604447051882744,0.16048455238342285,0.012724846601486206,0.0552557036280632,0.0085106510668993,0.05783895403146744,1.25e-05
62,21:53:59 2019-06-02,0.09277672320604324,0.11131932586431503,0.1430366188287735,0.11986315250396727,0.008650017902255058,0.05378342419862747,0.009413701482117176,0.05309413373470306,6.25e-06
63,21:53:59 2019-06-02,0.031124189496040344,0.10814405232667924,0.18323774635791776,0.15588635206222534,0.0056536239571869365,0.0485764741897583,0.007825920358300209,0.04451468586921692,6.25e-06
64,21:54:00 2019-06-02,0.11152616888284683,0.1197402849793434,0.05467972531914711,0.1998426914215088,0.005138500593602657,0.0412679947912693,0.008317634463310242,0.035418275743722916,6.25e-06
65,21:54:01 2019-06-02,0.06875773519277573,0.06268320977687836,0.15848611295223236,0.28114089369773865,0.006525928154587746,0.039885200560092926,0.008755462244153023,0.02354045212268829,6.25e-06
66,21:54:01 2019-06-02,0.06709948927164078,0.024861907586455345,0.13271856307983398,0.10813331604003906,0.009445164352655407,0.04367322474718094,0.0059969183057546616,0.01891091465950012,6.25e-06
67,21:54:02 2019-06-02,0.1360437124967575,0.10985692590475082,0.044147860258817666,0.21295861899852755,0.009076492860913277,0.0449175201356411,0.005407998804003,0.015954991802573204,6.25e-06
68,21:54:03 2019-06-02,0.05064209178090096,0.03605038300156593,0.08920442312955856,0.02911451458930969,0.007188821211457253,0.04699960350990296,0.0039003915153443813,0.014424183405935763,6.25e-06
69,21:54:03 2019-06-02,0.043161768466234214,0.12798278033733368,0.02937390469014645,0.08506619185209274,0.005655397661030293,0.048165589570999146,0.0030605243518948555,0.011764947324991226,6.25e-06
70,21:54:04 2019-06-02,0.09435215592384336,0.0502503402531147,0.08598935604095459,0.08572327345609665,0.0055596008896827715,0.04750150442123413,0.003119646105915308,0.01055626943707466,3.125e-06
71,21:54:05 2019-06-02,0.04100605845451355,0.07706520706415176,0.0310426726937294,0.25964003801345825,0.005572822876274586,0.04762573540210724,0.0032389885745942593,0.010075090453028679,3.125e-06
72,21:54:05 2019-06-02,0.092598594725132,0.17954440414905548,0.11288672685623168,0.11920679360628128,0.005863852333277464,0.04646686464548111,0.003512504044920206,0.009974361397325993,3.125e-06
73,21:54:06 2019-06-02,0.04621662199497223,0.0988794043660164,0.2929948568344116,0.07569048553705215,0.006128796376287936,0.04366866499185562,0.0034613138996064663,0.009593301452696323,3.125e-06
74,21:54:06 2019-06-02,0.16631580889225006,0.30061933398246765,0.11067140102386476,0.04847188666462898,0.006055470556020737,0.04321122169494629,0.003034144174307585,0.009162465110421179,3.125e-06
75,21:54:07 2019-06-02,0.027988225221633908,0.016662823036313057,0.13820473849773407,0.12980835139751434,0.005593972746282816,0.040772762149572365,0.002993954811245203,0.008824553340673447,3.125e-06
76,21:54:08 2019-06-02,0.036262378096580505,0.03319856896996498,0.2116072177886963,0.2319326549768448,0.005441620945930481,0.04004931449890137,0.002959804842248559,0.009218458086252213,3.125e-06
77,21:54:08 2019-06-02,0.07091420143842697,0.12839169800281525,0.1942392736673355,0.07249315828084946,0.0054545653983950615,0.03974287956953049,0.0029337035957723856,0.009613706730306149,3.125e-06
78,21:54:09 2019-06-02,0.10048497468233107,0.06006651744246482,0.21188098192214969,0.07063663750886917,0.005668051540851593,0.03962772712111473,0.002930410904809833,0.009469735436141493,1.5625e-06
79,21:54:10 2019-06-02,0.11149374395608902,0.09040915220975876,0.09278851747512816,0.10699981451034546,0.0058592259883880615,0.039630383253097534,0.0029380705673247576,0.009859910234808922,1.5625e-06
80,21:54:10 2019-06-02,0.07519637048244476,0.0948379933834076,0.1964412182569504,0.01721225492656231,0.006163063459098339,0.04035641625523567,0.002926520770415664,0.010864040814340116,1.5625e-06
81,21:54:11 2019-06-02,0.13634617626667025,0.12087582796812055,0.08835747092962265,0.2043774574995041,0.006120738573372364,0.041094787418842316,0.0030464781448245053,0.01222996786236763,1.5625e-06
82,21:54:12 2019-06-02,0.23355770111083984,0.04234811291098595,0.03755928203463554,0.10757550597190857,0.005820618942379952,0.04176774621009827,0.0033167963847517967,0.01378859393298626,1.5625e-06
83,21:54:12 2019-06-02,0.0632491186261177,0.07285511493682861,0.19727689027786247,0.10142116993665697,0.005276478826999664,0.042627573013305664,0.0036710614804178476,0.01615243777632713,1.5625e-06
84,21:54:13 2019-06-02,0.04767977073788643,0.00855985563248396,0.02613147534430027,0.06707235425710678,0.0049484260380268106,0.04220481961965561,0.003923807293176651,0.018072348088026047,1.5625e-06
85,21:54:13 2019-06-02,0.035103846341371536,0.10948095470666884,0.0926988422870636,0.1038227155804634,0.0048280400224030035,0.041831791400909424,0.003971310332417488,0.01923084445297718,1.5625e-06
86,21:54:14 2019-06-02,0.03767136856913567,0.1244802474975586,0.11242135614156724,0.017509853467345238,0.00477591110393405,0.0420713871717453,0.0040462627075612545,0.0200495608150959,7.8125e-07
87,21:54:15 2019-06-02,0.16029350459575653,0.04369809105992317,0.10831809043884276,0.11156129091978073,0.0046899509616196156,0.0428716316819191,0.004154300317168236,0.02110062912106514,7.8125e-07
88,21:54:15 2019-06-02,0.12428893893957138,0.1423642337322235,0.15362296998500824,0.08996676653623581,0.004657290410250425,0.043348018079996116,0.004254866391420364,0.0222525242716074,7.8125e-07
89,21:54:16 2019-06-02,0.08911929279565811,0.0276543740183115,0.04989030957221985,0.12696363031864166,0.004634326789528132,0.043057173490524285,0.004449437372386456,0.023396497592329986,7.8125e-07
90,21:54:17 2019-06-02,0.09861525893211363,0.02520351856946945,0.058199822902679436,0.12027063965797424,0.004619189538061619,0.04278912767767906,0.0044301776215434074,0.022907935082912445,7.8125e-07
91,21:54:17 2019-06-02,0.03448985517024994,0.12222226709127425,0.2019527405500412,0.10377057641744614,0.004605360794812441,0.04211157560348512,0.004295469261705875,0.021298835054039955,7.8125e-07
92,21:54:18 2019-06-02,0.05857169628143311,0.03206504881381988,0.1788405179977417,0.06155509874224663,0.004626492504030465,0.041656263172626495,0.0043672570027410975,0.020452175289392468,7.8125e-07
93,21:54:19 2019-06-02,0.04456591606140137,0.03274190053343773,0.07206355035305023,0.1864238828420639,0.004670088179409504,0.0415528379380703,0.004605132155120373,0.020368382334709167,7.8125e-07
94,21:54:19 2019-06-02,0.03684152662754059,0.12121372669935225,0.13737161457538605,0.06405004858970642,0.004674380179494618,0.04178508743643762,0.0047015277668833715,0.02034979127347469,3.90625e-07
95,21:54:20 2019-06-02,0.052433084696531296,0.04659519717097282,0.12010353803634645,0.187760591506958,0.004668967798352242,0.042217820882797234,0.004697653464972973,0.020403968170285225,3.90625e-07
96,21:54:21 2019-06-02,0.07007905095815659,0.09756603091955184,0.19842654466629028,0.10466748476028442,0.004640745930373669,0.042605191469192505,0.004649217240512371,0.020381182432174686,3.90625e-07
97,21:54:21 2019-06-02,0.13085228204727173,0.010193628259003162,0.2612452805042267,0.028337188065052032,0.004617564845830202,0.043128419667482376,0.004627889953553678,0.020546309649944302,3.90625e-07
98,21:54:22 2019-06-02,0.07732992619276048,0.11747002601623535,0.16500096023082733,0.06629204005002975,0.004604340065270661,0.04365261644124985,0.0046365875750780106,0.020738281309604645,3.90625e-07
99,21:54:23 2019-06-02,0.09893683344125748,0.096072755753994,0.1321023553609848,0.07914935052394867,0.00460883229970932,0.04402310773730278,0.004686546977609396,0.02103511057794094,3.90625e-07
100,21:54:23 2019-06-02,0.06515020877122879,0.12382051348686215,0.15460312366485596,0.1923477053642273,0.00460432143881917,0.04403018951416016,0.004713968839496374,0.021028771996498108,3.90625e-07
101,21:54:24 2019-06-02,0.054731521755456924,0.023655757308006287,0.10192864388227464,0.11272940784692766,0.004581706132739782,0.04417463392019272,0.00469363108277321,0.020731665194034576,3.90625e-07
102,21:54:25 2019-06-02,0.07612935453653336,0.14605975151062012,0.2776061594486237,0.14951671659946442,0.004570458550006151,0.044296681880950935,0.00463957479223609,0.02057233452796936,1.953125e-07
103,21:54:25 2019-06-02,0.09007985144853592,0.12047085165977478,0.17432613670825958,0.06374020129442215,0.004571747034788132,0.044355791062116616,0.004550767131149769,0.020348496735095967,1.953125e-07
104,21:54:26 2019-06-02,0.06944412738084793,0.132822185754776,0.04082547128200531,0.20266152918338776,0.004586305469274521,0.04445846378803253,0.00453191576525569,0.02010636031627655,1.953125e-07
105,21:54:27 2019-06-02,0.19094634056091309,0.062178630381822586,0.2413331121206284,0.06089636310935021,0.004599425010383129,0.044414602220058434,0.004537432920187712,0.01978377066552639,1.953125e-07
106,21:54:27 2019-06-02,0.06663911044597626,0.03389860317111015,0.037606839090585716,0.1960359215736389,0.004615033511072397,0.04455786943435669,0.004531187005341053,0.01957174576818943,1.953125e-07
107,21:54:28 2019-06-02,0.11645641177892685,0.20256929099559784,0.05308796465396881,0.10630006343126296,0.004621263593435288,0.0447038859128952,0.004505847580730915,0.019326407462358475,1.953125e-07
108,21:54:29 2019-06-02,0.1447877734899521,0.08982887119054794,0.0856655016541481,0.06661020964384079,0.004630555398762226,0.044926971197128296,0.004432539921253921,0.01902129128575325,1.953125e-07
109,21:54:29 2019-06-02,0.0966724529862404,0.015849126502871513,0.09849798679351808,0.08649375289678574,0.00463500851765275,0.04515568912029266,0.004402650520205498,0.018687035888433456,1.953125e-07
110,21:54:30 2019-06-02,0.02709019370377064,0.05970567837357521,0.07867280393838882,0.10157328099012376,0.004642770625650883,0.045227985829114914,0.004386271815747023,0.018534006550908092,9.765625e-08
111,21:54:30 2019-06-02,0.0515984408557415,0.07412734627723694,0.14475703239440918,0.12761829793453214,0.0046526766382157785,0.04504144936800003,0.0043407659977674476,0.01847269758582115,9.765625e-08
112,21:54:31 2019-06-02,0.05742145702242851,0.09429097920656204,0.06632363796234131,0.01220341119915247,0.004666097927838564,0.0448654368519783,0.004301526118069886,0.018384277820587158,9.765625e-08
113,21:54:32 2019-06-02,0.07446625083684921,0.20637619495391848,0.1619463711977005,0.10728615522384644,0.004677887540310621,0.0448557436466217,0.004261673428118229,0.018372301012277603,9.765625e-08
114,21:54:32 2019-06-02,0.046610977500677116,0.03098050318658352,0.08206173032522203,0.17113476991653442,0.00468762731179595,0.04492463171482086,0.0042252317070961,0.018345244228839874,9.765625e-08
115,21:54:33 2019-06-02,0.09292539954185486,0.020941996946930885,0.0421716570854187,0.15581227838993073,0.004690016619861126,0.045060999691486366,0.00416446290910244,0.01830524019896984,9.765625e-08
116,21:54:34 2019-06-02,0.06945843249559402,0.037965089082717896,0.12184834480285645,0.15199829638004306,0.004685008432716131,0.04514893889427185,0.004137208685278893,0.01830599084496498,9.765625e-08
117,21:54:34 2019-06-02,0.07008352875709534,0.08269838243722916,0.14957185089588165,0.1653418093919754,0.004686269443482161,0.04521727189421654,0.0041063823737204075,0.018342139199376103,9.765625e-08
118,21:54:35 2019-06-02,0.08236347883939743,0.10475173592567444,0.02640869282186032,0.11846444755792618,0.004687707405537367,0.04519214108586311,0.004090687725692987,0.018355507403612137,4.8828125e-08
119,21:54:36 2019-06-02,0.29329153895378113,0.13406123220920566,0.01709834299981594,0.07144888490438461,0.004685636609792709,0.045218709856271744,0.0040637427009642116,0.0183422900736332,4.8828125e-08
120,21:54:36 2019-06-02,0.04758184030652046,0.014656614512205126,0.12512712180614471,0.08115581423044205,0.004683904815465212,0.04527852684259415,0.004031614400446415,0.018307236954569817,4.8828125e-08
121,21:54:37 2019-06-02,0.014884700067341328,0.015399261377751829,0.40510258078575134,0.11572223901748654,0.004683461505919695,0.04531605169177056,0.0039878319948911676,0.018238762393593788,4.8828125e-08
122,21:54:38 2019-06-02,0.07478085905313492,0.1020183563232422,0.0922187641263008,0.05685323476791384,0.004684368148446083,0.045366521924734116,0.003949395380914211,0.01815152354538441,4.8828125e-08
123,21:54:38 2019-06-02,0.1776942014694214,0.014554654248058798,0.07595863193273544,0.13090595602989194,0.004683330189436674,0.045434411615133286,0.0039148619398474685,0.018099376931786537,4.8828125e-08
124,21:54:39 2019-06-02,0.1063997969031334,0.05361820384860039,0.10435149818658827,0.06273273378610611,0.0046834638342261314,0.04550085589289665,0.0038860051427036532,0.0180843397974968,4.8828125e-08
125,21:54:40 2019-06-02,0.13084574043750766,0.03383331373333931,0.2402516007423401,0.1831816583871841,0.004686355590820313,0.045572169125080116,0.0038690660148859024,0.01808867044746876,4.8828125e-08
126,21:54:40 2019-06-02,0.008021124638617039,0.15084286034107208,0.10629122704267502,0.06039828434586525,0.004688100423663855,0.045568857342004776,0.0038580903783440594,0.018078809604048732,2.44140625e-08
127,21:54:41 2019-06-02,0.07562601566314697,0.12995146214962006,0.022533059120178226,0.06937306374311447,0.004687763750553131,0.04554080590605737,0.0038536747451871634,0.018065502867102626,2.44140625e-08
128,21:54:41 2019-06-02,0.05389508605003357,0.08324963599443436,0.07871803641319275,0.08732392638921738,0.004685575608164072,0.045534897595644004,0.003850114764645696,0.0180433988571167,2.44140625e-08
129,21:54:42 2019-06-02,0.0117202615365386,0.2138812094926834,0.09744767099618913,0.04194289445877075,0.00468329805880785,0.045520737767219537,0.003846568055450915,0.018051251769065857,2.44140625e-08
130,21:55:50 2019-06-02,0.0954415276646614,0.1893657892942429,0.5260348320007324,1.0101639032363892,0.08047250658273697,0.08198375999927521,0.012616110034286976,0.04661685228347778,0.0001
131,21:55:50 2019-06-02,0.04602544009685517,0.27421295642852783,0.1586054116487503,0.8412684798240662,0.0007233548676595093,0.015699611976742744,0.15695741772651672,0.7026283740997314,0.0001
132,21:55:51 2019-06-02,0.19508467614650726,0.26996472477912903,0.3719511926174164,0.16232174634933472,0.010121253319084644,0.07144603133201599,0.33756259083747864,0.10186521708965304,0.0001
133,21:55:52 2019-06-02,0.2790126800537109,0.11937884241342545,1.4755064249038696,0.5625311732292175,0.09070270508527756,0.013085572980344296,0.2464403361082077,0.138683021068573,0.0001
134,21:55:52 2019-06-02,0.2819471061229706,0.050351317971944816,0.3633453845977783,0.5195773243904114,0.018597304821014404,0.046798363327980035,0.4955034255981445,0.5070939660072327,0.0001
135,21:55:53 2019-06-02,0.20666293799877167,0.1778547614812851,1.2005149126052856,0.703366756439209,0.020964551717042926,0.0363461971282959,0.5765993595123291,0.5667816996574402,0.0001
136,21:55:54 2019-06-02,0.2573907971382141,0.13429060578346252,0.17777536809444427,0.3897759020328522,0.028306419029831886,0.0038687395863235,0.04594621807336807,0.14954622089862826,0.0001
137,21:55:55 2019-06-02,0.32568156719207764,0.16669733822345734,0.7170486450195312,0.2832947075366974,0.03257947787642479,0.012793517671525478,0.3337505459785461,0.03073927387595177,0.0001
138,21:55:55 2019-06-02,0.3113275468349457,0.4001500904560089,0.12490624189376832,0.20776738226413727,0.3035441637039185,0.1681605577468872,0.003436697879806161,0.09066160023212433,0.0001
139,21:55:56 2019-06-02,0.4093640148639679,0.17565494775772095,0.6520904898643494,0.2115553766489029,0.008889587596058846,0.03953911364078522,0.5210586190223694,0.027820462360978127,0.0001
140,21:55:56 2019-06-02,0.9009845852851868,0.21440839767456046,0.6242319941520691,0.2939930260181427,0.39115142822265625,0.029839184135198593,0.009074761532247065,0.3877099752426148,0.0001
141,21:55:57 2019-06-02,0.5553537011146545,0.2327226847410202,0.19021256268024445,0.05350876972079277,0.06935017555952072,0.021502826362848282,0.06351988017559053,0.03693648427724838,0.0001
142,21:55:58 2019-06-02,0.2899876534938812,0.047530647367239005,0.22025227546691886,0.2564028799533844,0.15449926257133484,0.07075187563896179,0.014225889928638937,0.013139690272510052,0.0001
143,21:55:58 2019-06-02,0.18160124123096466,0.08805499225854874,0.2424941211938858,0.06308402866125107,0.25173842906951904,0.1191144436597824,0.20025035738945007,0.032924249768257134,0.0001
144,21:55:59 2019-06-02,0.4563041627407074,0.11130132526159286,0.5760307908058167,0.2904752492904663,0.05358371138572693,0.09141963720321657,0.05543332174420357,0.29928264021873474,0.0001
145,21:56:00 2019-06-02,0.4206148386001587,0.17127005755901334,0.4140448570251465,0.8252131938934326,0.1737814098596573,0.04589899629354477,0.2930044531822205,0.6824474334716797,0.0001
146,21:56:00 2019-06-02,0.5391657948493958,0.29843905568122864,0.8100152015686035,0.13485942780971527,0.013487298041582108,0.05086562782526016,0.1261148303747177,0.016393702477216717,0.0001
147,21:56:01 2019-06-02,0.3192315101623535,0.07147233188152312,0.0638820007443428,1.1719475984573364,0.18398937582969666,0.3777900636196137,0.009414265863597393,0.21025241911411285,0.0001
148,21:56:01 2019-06-02,0.9484203457832336,0.6529104113578796,0.032772842794656754,0.16566647589206696,0.3436952531337738,0.5060914158821106,0.01102350652217865,0.08803008496761322,0.0001
149,21:56:02 2019-06-02,0.20300643146038053,0.2434375286102295,0.2160724550485611,0.3107425272464752,0.0073697566986083984,0.041494905948638916,0.04350510612130165,0.2717447280883789,0.0001
150,21:56:03 2019-06-02,0.12227090448141098,0.4177229404449463,0.02432633936405182,0.21598248183727264,0.1317940205335617,0.19608628749847407,0.010388121940195559,0.04134711995720863,0.0001
151,21:56:03 2019-06-02,0.4010142385959625,0.16614513099193573,0.06529152393341063,0.2043856829404831,0.1451648622751236,0.06812668591737747,0.017934177070856094,0.032363098114728935,0.0001
152,21:56:04 2019-06-02,0.1958422213792801,0.2596549987792969,0.15200480818748474,0.06588990241289139,0.001156888552941382,0.374050498008728,0.03806071728467941,0.004320485517382622,0.0001
153,21:56:05 2019-06-02,0.13228648900985718,0.07691607624292374,0.07911894470453262,0.09220963716506958,0.13933241367340088,0.06938745826482773,0.036558054387569434,0.0040030679665505895,0.0001
154,21:56:05 2019-06-02,0.33541741967201233,0.2388062924146652,0.1102483943104744,0.3110319972038269,0.04779103398323059,0.07679031044244766,0.07075373828411102,0.007892612367868423,0.0001
155,21:56:06 2019-06-02,0.04470262303948402,0.5660836100578308,0.07729294151067734,0.04179063066840172,0.07444712519645691,0.02774166688323021,0.03466771915555,0.08445964753627777,0.0001
156,21:56:07 2019-06-02,0.7517900466918945,0.0666770413517952,0.12214330583810805,0.3261427879333496,0.2370238900184632,0.1813370436429977,0.011469350196421143,0.0707559809088707,0.0001
157,21:56:07 2019-06-02,0.136629119515419,0.22040881216526031,0.05564933642745018,0.05886371061205864,0.05678476020693779,0.118324875831604,0.012225084938108921,0.004626756999641657,0.0001
158,21:56:08 2019-06-02,0.4775902032852173,0.1048864796757698,0.0679183378815651,0.11099188774824142,0.21358032524585724,0.07077620923519135,0.013651099056005478,0.012162093073129654,0.0001
159,21:56:09 2019-06-02,0.0991734191775322,0.02639363519847393,0.01939968951046467,0.0865052118897438,0.03646410256624222,0.07400357723236084,0.017930101603269574,0.01677948608994484,0.0001
160,21:56:09 2019-06-02,0.4545571804046631,0.07798543572425842,0.16552142798900604,0.16864830255508426,0.2236437350511551,0.01820532791316509,0.01827729120850563,0.1267549991607666,0.0001
161,21:56:10 2019-06-02,0.23107852041721344,0.10989115387201308,0.06901957839727403,0.3642168343067169,0.01153496280312538,0.04536508023738861,0.007329553831368685,0.14976866543293,0.0001
162,21:56:11 2019-06-02,0.11358583718538286,0.11420831084251405,0.053272735327482224,0.015710083767771714,0.030190324410796162,0.022826716303825385,0.01389416866004467,0.002699058270081877,0.0001
163,21:56:11 2019-06-02,0.3017326593399048,0.1097295880317688,0.08126938343048096,0.16680820286273956,0.043279245495796204,0.05442298948764801,0.007327183149755002,0.016050660982728004,0.0001
164,21:56:12 2019-06-02,0.035773802548646934,0.15645964443683624,0.10718054324388504,0.08577842265367508,0.004796675872057675,0.06219558045268059,0.010151281952857971,0.0025709329638630147,0.0001
165,21:56:12 2019-06-02,0.25178277492523193,0.02957766503095627,0.1366252303123474,0.18999922275543213,0.12645934522151947,0.05049322918057442,0.010683903470635414,0.002194272819906473,0.0001
166,21:56:13 2019-06-02,0.11171410232782364,0.08825702220201492,0.07998750358819963,0.18807299435138705,0.051276471465826035,0.13243688642978668,0.005583728663623333,0.06880520284175873,0.0001
167,21:56:14 2019-06-02,0.04948464035987854,0.019908817484974858,0.03957876935601234,0.08134622126817702,0.015537560917437075,0.018713288009166718,0.009882248006761074,0.0602661594748497,0.0001
168,21:56:14 2019-06-02,0.3345348834991455,0.16271699965000153,0.03334364667534828,0.06816355884075165,0.08635221421718597,0.01682935655117035,0.00466104643419385,0.003715430852025747,0.0001
169,21:56:15 2019-06-02,0.18528060615062714,0.10749372094869614,0.07281889021396637,0.1323811113834381,0.009580372832715513,0.0428120419383049,0.039825741201639175,0.010048378258943558,0.0001
170,21:56:16 2019-06-02,0.1146167740225792,0.058237314224243164,0.1202593445777893,0.13245630264282227,0.08152402937412262,0.1211005449295044,0.004838028457015753,0.002780446782708168,0.0001
171,21:56:16 2019-06-02,0.1927362829446793,0.13065995275974274,0.025660529732704163,0.2550921738147736,0.04368044435977937,0.01931851357221604,0.019848015159368515,0.042227521538734436,0.0001
172,21:56:17 2019-06-02,0.01662840135395527,0.12951035797595978,0.11732962727546692,0.12280943244695665,0.0005653533153235912,0.04266494885087013,0.013875750824809073,0.10800182074308397,0.0001
173,21:56:17 2019-06-02,0.014201726764440538,0.07176560908555983,0.17122317850589752,0.25263434648513794,0.003427046118304133,0.025398407131433487,0.00828256830573082,0.0214105062186718,0.0001
174,21:56:18 2019-06-02,0.05511029437184334,0.048064112663269036,0.14127646386623385,0.03768762573599816,0.023419015109539032,0.16101640462875366,0.0006128516979515553,0.009102122858166695,0.0001
175,21:56:19 2019-06-02,0.07509385794401169,0.040873143821954734,0.08455502241849899,0.07333675771951675,0.030040096491575238,0.12918144464492798,0.008324329741299152,0.006856813561171293,0.0001
176,21:56:20 2019-06-02,0.1646631509065628,0.07044290751218796,0.13350260257720947,0.05290917679667473,0.0002533516671974212,0.050166308879852295,0.024288734421134,0.03377731516957283,0.0001
177,21:56:20 2019-06-02,0.1269877403974533,0.09735272079706192,0.08607491105794908,0.05572807788848877,0.007087930105626583,0.03750130906701088,0.004424259532243013,0.02167724445462227,0.0001
178,21:56:21 2019-06-02,0.07790437340736389,0.1820719987154007,0.1793316751718521,0.1000972017645836,0.010409200564026827,0.04339176043868065,0.009286610409617424,0.00616691168397665,0.0001
179,21:56:22 2019-06-02,0.08841518312692642,0.012549284845590591,0.04101453348994255,0.0848814845085144,0.03684384748339653,0.08708924055099487,0.001933365128934384,0.017029888927936554,0.0001
180,21:56:22 2019-06-02,0.0485696978867054,0.08156445622444153,0.02072267048060894,0.0586758702993393,0.006701744627207518,0.08945108950138092,0.013874671421945095,0.04159146919846535,5e-05
181,21:56:23 2019-06-02,0.06465696543455124,0.02697780542075634,0.054400283843278885,0.10496210306882857,0.0005515142111107707,0.06998451054096222,0.08522333204746246,0.04946564882993698,5e-05
182,21:56:24 2019-06-02,0.02095699496567249,0.07254336029291153,0.17353926599025726,0.09479590505361556,0.014448426663875582,0.0530829094350338,0.06315615773200989,0.023464076220989227,5e-05
183,21:56:24 2019-06-02,0.020594455301761627,0.08770761638879776,0.15843839943408966,0.044067781418561935,0.026910768821835518,0.048226915299892426,0.005273709073662758,0.002436793409287929,5e-05
184,21:56:25 2019-06-02,0.06038198247551917,0.08431458473205566,0.0812472477555275,0.015725066885352138,0.006673429626971483,0.053522758185863495,0.01355239562690258,0.005218801088631153,5e-05
185,21:56:26 2019-06-02,0.0101046459749341,0.03283607587218285,0.030179634690284726,0.057559221982955926,0.0027215839363634586,0.07903303951025009,0.021809685975313187,0.002626606728881597,5e-05
186,21:56:26 2019-06-02,0.024386988952755928,0.02680107206106186,0.08284028619527818,0.060733769088983536,0.009339033626019956,0.09675226360559464,0.004335334524512291,0.021978940814733502,5e-05
187,21:56:27 2019-06-02,0.04690074920654297,0.021807143464684486,0.04048417881131172,0.13319434225559235,0.0001115359045797959,0.09487828612327576,0.0013768189819529653,0.04979926720261574,5e-05
188,21:56:27 2019-06-02,0.02242007851600647,0.06268379837274551,0.0989365056157112,0.1446557343006134,0.01068170741200447,0.0694359764456749,0.011621518060564995,0.045905761420726776,5e-05
189,21:56:28 2019-06-02,0.0285238828510046,0.046585742384195335,0.06335674971342088,0.11933056265115738,0.012748158536851406,0.057883631438016885,0.006023383233696222,0.011857336387038231,5e-05
190,21:56:29 2019-06-02,0.030313216149806976,0.04511883482336998,0.03583406284451485,0.11610104888677596,0.00012127048103138803,0.08174324035644531,0.002576361410319805,0.0054461639374494535,5e-05
191,21:56:29 2019-06-02,0.07044415920972824,0.04918396472930908,0.022578416392207142,0.06338362395763397,0.008306981064379215,0.13226932287216187,0.001269045518711209,0.016630547121167183,5e-05
192,21:56:30 2019-06-02,0.01381581649184227,0.06029961630702019,0.05185821652412415,0.09830857068300247,0.0019831736572086807,0.14240413904190066,0.0032042816746979948,0.005489145405590534,5e-05
193,21:56:31 2019-06-02,0.04503945633769035,0.0590130090713501,0.04901382327079773,0.0366605781018734,0.0006735697388648987,0.08908835053443909,0.011090882122516632,0.02425291016697884,5e-05
194,21:56:31 2019-06-02,0.032587286084890366,0.04436705633997917,0.1482442170381546,0.15771442651748654,0.0024406490847468376,0.06067100912332535,0.01383751444518566,0.07117165625095367,5e-05
195,21:56:32 2019-06-02,0.024611741304397583,0.029246240854263306,0.029071973636746407,0.03941066935658455,0.00010877359454752876,0.07285996526479721,0.005594385787844658,0.08175601065158844,5e-05
196,21:56:32 2019-06-02,0.06787612289190292,0.03490160033106804,0.03623973950743675,0.032719220966100686,0.0020024017430841927,0.10710582137107848,0.0016596335917711258,0.042715586721897125,5e-05
197,21:56:33 2019-06-02,0.06960409134626389,0.025173848494887352,0.06575988233089447,0.022475525736808773,0.0037676282227039337,0.12227882444858552,0.002217169851064682,0.002844547387212515,5e-05
198,21:56:34 2019-06-02,0.04560878872871399,0.062414582818746574,0.04319221153855324,0.0801335796713829,0.00040371320210397243,0.09599309414625168,0.0013372476678341627,0.0031352490186691284,5e-05
199,21:56:34 2019-06-02,0.01326735783368349,0.04403872415423393,0.08441933989524841,0.04079638794064522,0.0009083786280825734,0.08867938816547394,0.01375336293131113,0.01102527417242527,5e-05
200,21:56:35 2019-06-02,0.14386683702468872,0.015382328070700169,0.08169763535261154,0.05845053866505622,0.004460993688553572,0.08769983053207397,0.03225836157798767,0.046320341527462006,5e-05
201,21:56:36 2019-06-02,0.01929027587175369,0.043616298586130135,0.06571681052446365,0.03795735910534859,0.0009240520885214213,0.07725811749696733,0.008226159028708935,0.015016548335552216,5e-05
202,21:56:36 2019-06-02,0.048352211713790894,0.033741772174835205,0.07254208624362946,0.20415115356445312,0.04228569194674492,0.07083773612976074,0.008881984278559685,0.014157893136143684,5e-05
203,21:56:37 2019-06-02,0.19257156550884247,0.0288955420255661,0.0883149579167366,0.1632097214460373,0.03727113083004952,0.07230183482170105,0.01888178288936615,0.04876989871263504,5e-05
204,21:56:38 2019-06-02,0.0589941255748272,0.0139767462387681,0.07897647470235825,0.1503766030073166,1.800945756258443e-05,0.0774705559015274,0.0023410487920045853,0.013034594245254992,5e-05
205,21:56:38 2019-06-02,0.13011302053928375,0.009518481791019441,0.047286659479141235,0.0491272509098053,0.0181086864322424,0.10019295662641524,0.018735868856310844,0.004314633086323738,5e-05
206,21:56:39 2019-06-02,0.04872244596481323,0.026062630116939545,0.09256384521722794,0.0592033714056015,0.01702563837170601,0.1267656683921814,0.0371565967798233,0.05213412642478943,5e-05
207,21:56:39 2019-06-02,0.07251761108636856,0.0108342245221138,0.021553203463554386,0.06572019308805466,0.00021041929721832275,0.10856160521507263,0.007442350033670664,0.06931646913290024,5e-05
208,21:56:40 2019-06-02,0.011932733468711376,0.019331734627485275,0.026309637352824208,0.08048065751791,0.014162813313305378,0.07156562805175781,0.011570712551474571,0.02316131442785263,5e-05
209,21:56:41 2019-06-02,0.047222014516592026,0.003531614551320672,0.028381846845149994,0.06577407568693161,0.029014775529503826,0.05317672342061997,0.02778639830648899,0.0008445763378404081,5e-05
210,21:56:41 2019-06-02,0.10957352072000504,0.0373181439936161,0.05347505584359169,0.02247166819870472,0.007937989197671412,0.050093334168195724,0.024095149710774408,0.01188807375729084,5e-05
211,21:56:42 2019-06-02,0.04296828806400299,0.050997238606214516,0.0877576470375061,0.15880915522575378,0.0024972639512270693,0.056807741522789,0.007537242956459522,0.001783990766853094,5e-05
212,21:56:43 2019-06-02,0.08100251108407974,0.04024867340922356,0.05547192320227623,0.01321637537330389,0.01205033715814352,0.09161747992038727,0.004707689397037029,0.01196560636162758,5e-05
213,21:56:43 2019-06-02,0.09540143609046936,0.035319913178682334,0.0513354130089283,0.028481751680374142,0.008051522076129913,0.16943922638893127,0.012586602941155434,0.051048099994659424,5e-05
214,21:56:44 2019-06-02,0.056087885051965714,0.07990705966949463,0.01946602575480938,0.010027033276855946,0.0009459852590225637,0.1865958869457245,0.0058385664597153655,0.033002279698848724,5e-05
215,21:56:45 2019-06-02,0.04597944393754005,0.07134907692670822,0.01280913036316633,0.022578971460461617,0.004371624439954758,0.13007983565330505,0.003428502939641476,0.0014478045050054784,5e-05
216,21:56:45 2019-06-02,0.03532236069440842,0.07547222822904588,0.02749293297529221,0.09727682918310164,0.01388654299080372,0.08644323796033859,0.0036208215169608593,0.0004431580018717796,5e-05
217,21:56:46 2019-06-02,0.04059809073805809,0.06510017067193985,0.058152716606855386,0.07128899544477463,0.005251042079180479,0.0659191831946373,0.00128551060333848,0.0014227116480469706,5e-05
218,21:56:46 2019-06-02,0.03743268921971321,0.01280127465724945,0.000826838833745569,0.016669876873493198,0.0002990214270539582,0.061847336590290077,0.003146756673231721,0.00865966361016035,5e-05
219,21:56:47 2019-06-02,0.04601123556494713,0.03107640706002712,0.026450997218489647,0.017414657399058342,0.0007549126166850327,0.07449617981910706,0.006002652924507856,0.020998725667595863,5e-05
220,21:56:48 2019-06-02,0.018788080662488937,0.014924821443855762,0.028051013126969337,0.026859097182750702,0.0002892937627620995,0.0883001983165741,0.001245614606887102,0.010190621018409727,5e-05
221,21:56:48 2019-06-02,0.027344608679413795,0.008168811909854412,0.029679140076041218,0.05116989091038704,0.001113420818001032,0.07863936573266983,0.015440866351127625,0.002505837241187692,5e-05
222,21:56:49 2019-06-02,0.02497644536197185,0.027613796293735504,0.054694727063179016,0.024314993992447853,1.7178119378513653e-05,0.0818713903427124,0.01374409720301628,0.00028817070415243506,5e-05
223,21:56:50 2019-06-02,0.014044642448425293,0.02712814323604107,0.051328957080841064,0.004898848012089729,0.0016094639431685216,0.09244091808795928,0.001939970534294844,0.0020043137483298787,5e-05
224,21:56:50 2019-06-02,0.03123470395803452,0.027916045859456062,0.022297954186797142,0.03540317341685295,0.0006389326299540701,0.0962085872888565,0.006748239509761334,0.01585155911743641,5e-05
225,21:56:51 2019-06-02,0.006089060101658106,0.015303395688533785,0.02512647025287152,0.03946781530976296,0.0006463371100835503,0.07987266033887863,0.017675718292593956,0.02527669444680214,5e-05
226,21:56:52 2019-06-02,0.009101808071136476,0.0807800218462944,0.07976246625185013,0.06367321312427521,0.0014389416901394725,0.06248036772012711,0.01322961039841175,0.015561018139123915,5e-05
227,21:56:52 2019-06-02,0.02603974938392639,0.02724288962781429,0.0180316623300314,0.016747726127505302,0.00027224465156905364,0.06746789813041687,0.0037129640113562346,0.007143252529203892,5e-05
228,21:56:53 2019-06-02,0.0212059747427702,0.024493588134646416,0.03916166350245477,0.026265231892466545,0.008233434520661831,0.09745046496391296,0.008858557790517807,8.091174095170572e-05,5e-05
229,21:56:54 2019-06-02,0.005925200413912536,0.026436999440193176,0.028839493170380592,0.0028650949243456125,0.00525723397731781,0.11246251314878464,0.015567959286272526,7.222428394015877e-05,5e-05
230,22:20:18 2019-06-02,0.0954415276646614,0.1893657892942429,0.5260348320007324,1.0101639032363892,0.08047250658273697,0.08198375999927521,0.012616110034286976,0.04661685228347778,0.0001
231,22:20:19 2019-06-02,0.04602544009685517,0.27421295642852783,0.1586054116487503,0.8412684798240662,0.0007233548676595093,0.015699611976742744,0.15695741772651672,0.7026283740997314,0.0001
232,22:20:19 2019-06-02,0.19508467614650726,0.26996472477912903,0.3719511926174164,0.16232174634933472,0.010121253319084644,0.07144603133201599,0.33756259083747864,0.10186521708965304,0.0001
233,22:20:20 2019-06-02,0.2790126800537109,0.11937884241342545,1.4755064249038696,0.5625311732292175,0.09070270508527756,0.013085572980344296,0.2464403361082077,0.138683021068573,0.0001
234,22:20:21 2019-06-02,0.2819471061229706,0.050351317971944816,0.3633453845977783,0.5195773243904114,0.018597304821014404,0.046798363327980035,0.4955034255981445,0.5070939660072327,0.0001
235,22:20:21 2019-06-02,0.20666293799877167,0.1778547614812851,1.2005149126052856,0.703366756439209,0.020964551717042926,0.0363461971282959,0.5765993595123291,0.5667816996574402,0.0001
236,22:20:22 2019-06-02,0.2573907971382141,0.13429060578346252,0.17777536809444427,0.3897759020328522,0.028306419029831886,0.0038687395863235,0.045946218073368066,0.14954622089862826,0.0001
237,22:20:23 2019-06-02,0.32568156719207764,0.16669733822345734,0.7170486450195312,0.2832947075366974,0.03257947787642479,0.012793517671525478,0.3337505459785461,0.03073927387595177,0.0001
238,22:20:23 2019-06-02,0.3113275468349457,0.4001500904560089,0.12490624189376832,0.20776738226413727,0.3035441637039185,0.1681605577468872,0.003436697879806161,0.09066160023212433,0.0001
239,22:20:24 2019-06-02,0.4093640148639679,0.17565494775772095,0.6520904898643494,0.2115553766489029,0.008889587596058846,0.03953911364078522,0.5210586190223694,0.027820462360978127,0.0001
240,22:20:25 2019-06-02,0.9009845852851868,0.21440839767456046,0.6242319941520691,0.2939930260181427,0.39115142822265625,0.029839184135198593,0.009074761532247065,0.3877099752426148,0.0001
241,22:20:25 2019-06-02,0.5553537011146545,0.2327226847410202,0.19021256268024445,0.05350876972079277,0.06935017555952072,0.021502826362848282,0.06351988017559053,0.03693648427724838,0.0001
242,22:20:26 2019-06-02,0.2899876534938812,0.047530647367239005,0.22025227546691886,0.2564028799533844,0.15449926257133484,0.07075187563896179,0.014225889928638937,0.013139690272510052,0.0001
243,22:20:27 2019-06-02,0.18160124123096466,0.08805499225854874,0.2424941211938858,0.06308402866125107,0.25173842906951904,0.1191144436597824,0.20025035738945007,0.032924249768257134,0.0001
244,22:20:27 2019-06-02,0.4563041627407074,0.11130132526159286,0.5760307908058167,0.2904752492904663,0.05358371138572693,0.09141963720321657,0.05543332174420357,0.29928264021873474,0.0001
245,22:20:28 2019-06-02,0.4206148386001587,0.17127005755901334,0.4140448570251465,0.8252131938934326,0.1737814098596573,0.04589899629354477,0.2930044531822205,0.6824474334716797,0.0001
246,22:20:28 2019-06-02,0.5391657948493958,0.29843905568122864,0.8100152015686035,0.13485942780971527,0.013487298041582108,0.05086562782526016,0.1261148303747177,0.016393702477216717,0.0001
247,22:20:29 2019-06-02,0.3192315101623535,0.07147233188152312,0.0638820007443428,1.1719475984573364,0.18398937582969666,0.3777900636196137,0.009414265863597393,0.21025241911411285,0.0001
248,22:20:30 2019-06-02,0.9484203457832336,0.6529104113578796,0.032772842794656754,0.16566647589206696,0.3436952531337738,0.5060914158821106,0.01102350652217865,0.08803008496761322,0.0001
249,22:20:30 2019-06-02,0.20300643146038053,0.2434375286102295,0.2160724550485611,0.3107425272464752,0.0073697566986083984,0.041494905948638916,0.04350510612130165,0.2717447280883789,0.0001
250,22:20:31 2019-06-02,0.12227090448141098,0.4177229404449463,0.02432633936405182,0.21598248183727264,0.1317940205335617,0.19608628749847407,0.010388121940195559,0.04134711995720863,0.0001
251,22:20:32 2019-06-02,0.4010142385959625,0.16614513099193573,0.06529152393341063,0.2043856829404831,0.1451648622751236,0.06812668591737747,0.017934177070856094,0.032363098114728935,0.0001
252,22:20:32 2019-06-02,0.1958422213792801,0.2596549987792969,0.15200480818748474,0.06588990241289139,0.001156888552941382,0.37405049800872797,0.03806071728467941,0.004320485517382622,0.0001
253,22:20:33 2019-06-02,0.13228648900985718,0.07691607624292374,0.07911894470453262,0.09220963716506958,0.13933241367340088,0.06938745826482773,0.036558054387569434,0.0040030679665505895,0.0001
254,22:20:34 2019-06-02,0.33541741967201233,0.2388062924146652,0.1102483943104744,0.3110319972038269,0.04779103398323059,0.07679031044244766,0.07075373828411102,0.007892612367868423,0.0001
255,22:20:34 2019-06-02,0.04470262303948402,0.5660836100578308,0.07729294151067734,0.04179063066840172,0.07444712519645691,0.02774166688323021,0.03466771915555,0.08445964753627777,0.0001
256,22:20:35 2019-06-02,0.7517900466918945,0.0666770413517952,0.12214330583810805,0.3261427879333496,0.2370238900184632,0.1813370436429977,0.011469350196421143,0.0707559809088707,0.0001
257,22:20:36 2019-06-02,0.136629119515419,0.22040881216526031,0.05564933642745018,0.05886371061205864,0.05678476020693779,0.118324875831604,0.012225084938108921,0.004626756999641657,0.0001
258,22:20:36 2019-06-02,0.4775902032852173,0.1048864796757698,0.0679183378815651,0.11099188774824142,0.21358032524585724,0.07077620923519135,0.013651099056005478,0.012162093073129654,0.0001
259,22:20:37 2019-06-02,0.0991734191775322,0.02639363519847393,0.01939968951046467,0.0865052118897438,0.03646410256624222,0.07400357723236084,0.017930101603269574,0.01677948608994484,0.0001
260,22:20:38 2019-06-02,0.4545571804046631,0.07798543572425842,0.16552142798900604,0.16864830255508426,0.2236437350511551,0.01820532791316509,0.01827729120850563,0.1267549991607666,0.0001
261,22:20:38 2019-06-02,0.23107852041721344,0.10989115387201308,0.06901957839727403,0.3642168343067169,0.01153496280312538,0.04536508023738861,0.007329553831368685,0.14976866543293,0.0001
262,22:20:39 2019-06-02,0.11358583718538286,0.11420831084251405,0.053272735327482224,0.015710083767771714,0.030190324410796162,0.022826716303825385,0.01389416866004467,0.002699058270081877,0.0001
263,22:20:40 2019-06-02,0.3017326593399048,0.1097295880317688,0.08126938343048096,0.16680820286273956,0.043279245495796204,0.05442298948764801,0.007327183149755002,0.016050660982728004,0.0001
264,22:20:40 2019-06-02,0.035773802548646934,0.15645964443683624,0.10718054324388504,0.08577842265367508,0.004796675872057675,0.06219558045268059,0.010151281952857971,0.0025709329638630147,0.0001
265,22:20:41 2019-06-02,0.25178277492523193,0.02957766503095627,0.1366252303123474,0.18999922275543213,0.12645934522151947,0.05049322918057442,0.010683903470635414,0.002194272819906473,0.0001
266,22:20:41 2019-06-02,0.11171410232782364,0.08825702220201492,0.07998750358819963,0.18807299435138705,0.051276471465826035,0.13243688642978668,0.005583728663623333,0.06880520284175873,0.0001
267,22:20:42 2019-06-02,0.04948464035987854,0.019908817484974858,0.03957876935601234,0.08134622126817702,0.015537560917437075,0.018713288009166718,0.009882248006761074,0.0602661594748497,0.0001
268,22:20:43 2019-06-02,0.3345348834991455,0.16271699965000153,0.03334364667534828,0.06816355884075165,0.08635221421718597,0.01682935655117035,0.00466104643419385,0.003715430852025747,0.0001
269,22:20:43 2019-06-02,0.18528060615062714,0.10749372094869614,0.07281889021396637,0.1323811113834381,0.009580372832715513,0.0428120419383049,0.039825741201639175,0.010048378258943558,0.0001
270,22:20:44 2019-06-02,0.1146167740225792,0.058237314224243164,0.1202593445777893,0.13245630264282227,0.08152402937412262,0.1211005449295044,0.004838028457015753,0.002780446782708168,0.0001
271,22:20:44 2019-06-02,0.1927362829446793,0.13065995275974274,0.025660529732704163,0.2550921738147736,0.04368044435977937,0.01931851357221604,0.019848015159368515,0.042227521538734436,0.0001
272,22:20:45 2019-06-02,0.01662840135395527,0.12951035797595978,0.11732962727546692,0.12280943244695665,0.0005653533153235912,0.04266494885087013,0.013875750824809073,0.10800182074308397,0.0001
273,22:20:45 2019-06-02,0.014201726764440538,0.07176560908555983,0.17122317850589752,0.25263434648513794,0.003427046118304133,0.025398407131433487,0.00828256830573082,0.0214105062186718,0.0001
274,22:20:46 2019-06-02,0.05511029437184334,0.048064112663269036,0.14127646386623385,0.03768762573599816,0.023419015109539032,0.16101640462875366,0.0006128516979515553,0.009102122858166695,0.0001
275,22:20:46 2019-06-02,0.07509385794401169,0.040873143821954734,0.08455502241849899,0.07333675771951675,0.030040096491575238,0.12918144464492798,0.008324329741299152,0.006856813561171293,0.0001
276,22:20:47 2019-06-02,0.1646631509065628,0.07044290751218796,0.13350260257720947,0.05290917679667473,0.0002533516671974212,0.050166308879852295,0.024288734421134,0.03377731516957283,0.0001
277,22:20:48 2019-06-02,0.1269877403974533,0.09735272079706192,0.08607491105794908,0.05572807788848877,0.007087930105626583,0.03750130906701088,0.004424259532243013,0.02167724445462227,0.0001
278,22:20:48 2019-06-02,0.07790437340736389,0.1820719987154007,0.1793316751718521,0.1000972017645836,0.010409200564026827,0.04339176043868065,0.009286610409617424,0.00616691168397665,0.0001
279,22:20:49 2019-06-02,0.08841518312692642,0.012549284845590591,0.04101453348994255,0.0848814845085144,0.03684384748339653,0.08708924055099487,0.001933365128934384,0.017029888927936554,0.0001
280,22:20:50 2019-06-02,0.0485696978867054,0.08156445622444153,0.02072267048060894,0.0586758702993393,0.006701744627207518,0.08945108950138092,0.013874671421945095,0.04159146919846535,5e-05
281,22:20:50 2019-06-02,0.06465696543455124,0.02697780542075634,0.054400283843278885,0.10496210306882857,0.0005515142111107707,0.06998451054096222,0.08522333204746246,0.04946564882993698,5e-05
282,22:20:51 2019-06-02,0.02095699496567249,0.07254336029291153,0.17353926599025726,0.09479590505361556,0.014448426663875582,0.0530829094350338,0.06315615773200989,0.023464076220989227,5e-05
283,22:20:51 2019-06-02,0.020594455301761627,0.08770761638879776,0.15843839943408966,0.044067781418561935,0.026910768821835518,0.048226915299892426,0.005273709073662758,0.002436793409287929,5e-05
284,22:20:52 2019-06-02,0.06038198247551917,0.08431458473205566,0.0812472477555275,0.015725066885352138,0.006673429626971483,0.053522758185863495,0.01355239562690258,0.005218801088631153,5e-05
285,22:20:52 2019-06-02,0.0101046459749341,0.03283607587218285,0.030179634690284726,0.057559221982955926,0.0027215839363634586,0.07903303951025009,0.021809685975313187,0.002626606728881597,5e-05
286,22:20:53 2019-06-02,0.024386988952755928,0.02680107206106186,0.08284028619527818,0.060733769088983536,0.009339033626019956,0.09675226360559464,0.004335334524512291,0.021978940814733502,5e-05
287,22:20:53 2019-06-02,0.04690074920654297,0.021807143464684486,0.04048417881131172,0.13319434225559235,0.0001115359045797959,0.09487828612327576,0.0013768189819529653,0.04979926720261574,5e-05
288,22:20:54 2019-06-02,0.02242007851600647,0.06268379837274551,0.0989365056157112,0.1446557343006134,0.01068170741200447,0.0694359764456749,0.011621518060564995,0.045905761420726776,5e-05
289,22:20:55 2019-06-02,0.0285238828510046,0.046585742384195335,0.06335674971342088,0.11933056265115738,0.012748158536851406,0.057883631438016885,0.006023383233696222,0.011857336387038231,5e-05
290,22:20:55 2019-06-02,0.030313216149806976,0.04511883482336998,0.03583406284451485,0.11610104888677596,0.00012127048103138803,0.08174324035644531,0.002576361410319805,0.0054461639374494535,5e-05
291,22:20:56 2019-06-02,0.07044415920972824,0.04918396472930908,0.022578416392207142,0.06338362395763397,0.008306981064379215,0.13226932287216187,0.001269045518711209,0.016630547121167183,5e-05
292,22:20:57 2019-06-02,0.01381581649184227,0.06029961630702019,0.05185821652412415,0.09830857068300247,0.0019831736572086807,0.14240413904190066,0.0032042816746979948,0.005489145405590534,5e-05
293,22:20:57 2019-06-02,0.04503945633769035,0.0590130090713501,0.04901382327079773,0.0366605781018734,0.0006735697388648987,0.08908835053443909,0.011090882122516632,0.02425291016697884,5e-05
294,22:20:58 2019-06-02,0.032587286084890366,0.04436705633997917,0.1482442170381546,0.15771442651748654,0.0024406490847468376,0.06067100912332535,0.01383751444518566,0.07117165625095367,5e-05
295,22:20:59 2019-06-02,0.024611741304397583,0.029246240854263306,0.029071973636746407,0.03941066935658455,0.00010877359454752876,0.07285996526479721,0.005594385787844658,0.08175601065158844,5e-05
296,22:20:59 2019-06-02,0.06787612289190292,0.03490160033106804,0.03623973950743675,0.032719220966100686,0.0020024017430841927,0.10710582137107848,0.0016596335917711258,0.042715586721897125,5e-05
297,22:21:00 2019-06-02,0.06960409134626389,0.025173848494887352,0.06575988233089447,0.022475525736808773,0.0037676282227039337,0.12227882444858552,0.002217169851064682,0.002844547387212515,5e-05
298,22:21:01 2019-06-02,0.04560878872871399,0.062414582818746574,0.04319221153855324,0.0801335796713829,0.00040371320210397243,0.09599309414625168,0.0013372476678341627,0.0031352490186691284,5e-05
299,22:21:01 2019-06-02,0.01326735783368349,0.04403872415423393,0.08441933989524841,0.04079638794064522,0.0009083786280825734,0.08867938816547394,0.01375336293131113,0.01102527417242527,5e-05
300,22:21:02 2019-06-02,0.14386683702468872,0.015382328070700169,0.08169763535261154,0.05845053866505622,0.004460993688553572,0.08769983053207397,0.03225836157798767,0.046320341527462006,5e-05
301,22:21:02 2019-06-02,0.01929027587175369,0.043616298586130135,0.06571681052446365,0.03795735910534859,0.0009240520885214213,0.07725811749696733,0.008226159028708935,0.015016548335552216,5e-05
302,22:21:03 2019-06-02,0.048352211713790894,0.033741772174835205,0.07254208624362946,0.20415115356445312,0.04228569194674492,0.07083773612976074,0.008881984278559685,0.014157893136143684,5e-05
303,22:21:04 2019-06-02,0.19257156550884247,0.0288955420255661,0.0883149579167366,0.1632097214460373,0.03727113083004952,0.07230183482170105,0.01888178288936615,0.04876989871263504,5e-05
304,22:21:04 2019-06-02,0.0589941255748272,0.0139767462387681,0.07897647470235825,0.1503766030073166,1.800945756258443e-05,0.0774705559015274,0.0023410487920045853,0.013034594245254992,5e-05
305,22:21:05 2019-06-02,0.13011302053928375,0.009518481791019441,0.047286659479141235,0.0491272509098053,0.0181086864322424,0.10019295662641524,0.018735868856310844,0.004314633086323738,5e-05
306,22:21:05 2019-06-02,0.04872244596481323,0.026062630116939545,0.09256384521722794,0.0592033714056015,0.01702563837170601,0.1267656683921814,0.0371565967798233,0.05213412642478943,5e-05
307,22:21:06 2019-06-02,0.07251761108636856,0.0108342245221138,0.021553203463554386,0.06572019308805466,0.00021041929721832275,0.10856160521507263,0.007442350033670664,0.06931646913290024,5e-05
308,22:21:06 2019-06-02,0.011932733468711376,0.019331734627485275,0.026309637352824208,0.08048065751791,0.014162813313305378,0.07156562805175781,0.011570712551474571,0.02316131442785263,5e-05
309,22:21:07 2019-06-02,0.047222014516592026,0.003531614551320672,0.028381846845149994,0.06577407568693161,0.029014775529503826,0.05317672342061997,0.02778639830648899,0.0008445763378404081,5e-05
310,22:21:07 2019-06-02,0.10957352072000504,0.0373181439936161,0.05347505584359169,0.02247166819870472,0.007937989197671412,0.050093334168195724,0.024095149710774408,0.01188807375729084,5e-05
311,22:21:08 2019-06-02,0.04296828806400299,0.050997238606214516,0.0877576470375061,0.15880915522575378,0.0024972639512270693,0.056807741522789,0.007537242956459522,0.001783990766853094,5e-05
312,22:21:08 2019-06-02,0.08100251108407974,0.04024867340922356,0.05547192320227623,0.01321637537330389,0.01205033715814352,0.09161747992038727,0.004707689397037029,0.01196560636162758,5e-05
313,22:21:09 2019-06-02,0.09540143609046936,0.035319913178682334,0.0513354130089283,0.028481751680374142,0.008051522076129913,0.16943922638893127,0.012586602941155434,0.051048099994659424,5e-05
314,22:21:09 2019-06-02,0.056087885051965714,0.07990705966949463,0.01946602575480938,0.010027033276855946,0.0009459852590225637,0.1865958869457245,0.0058385664597153655,0.033002279698848724,5e-05
315,22:21:10 2019-06-02,0.04597944393754005,0.07134907692670822,0.01280913036316633,0.022578971460461617,0.004371624439954758,0.13007983565330505,0.003428502939641476,0.0014478045050054784,5e-05
316,22:21:10 2019-06-02,0.03532236069440842,0.07547222822904588,0.02749293297529221,0.09727682918310164,0.01388654299080372,0.08644323796033859,0.0036208215169608593,0.0004431580018717796,5e-05
317,22:21:11 2019-06-02,0.04059809073805809,0.06510017067193985,0.058152716606855386,0.07128899544477463,0.005251042079180479,0.0659191831946373,0.00128551060333848,0.0014227116480469706,5e-05
318,22:21:11 2019-06-02,0.03743268921971321,0.01280127465724945,0.000826838833745569,0.016669876873493198,0.0002990214270539582,0.061847336590290077,0.003146756673231721,0.00865966361016035,5e-05
319,22:21:12 2019-06-02,0.04601123556494713,0.03107640706002712,0.026450997218489647,0.017414657399058342,0.0007549126166850327,0.07449617981910706,0.006002652924507856,0.020998725667595863,5e-05
320,22:21:13 2019-06-02,0.018788080662488937,0.014924821443855762,0.028051013126969337,0.026859097182750702,0.0002892937627620995,0.0883001983165741,0.001245614606887102,0.010190621018409727,5e-05
321,22:21:13 2019-06-02,0.027344608679413795,0.008168811909854412,0.029679140076041218,0.05116989091038704,0.001113420818001032,0.07863936573266983,0.015440866351127625,0.002505837241187692,5e-05
322,22:21:14 2019-06-02,0.02497644536197185,0.027613796293735504,0.054694727063179016,0.024314993992447853,1.7178119378513653e-05,0.0818713903427124,0.01374409720301628,0.00028817070415243506,5e-05
323,22:21:14 2019-06-02,0.014044642448425293,0.02712814323604107,0.05132895708084106,0.004898848012089729,0.0016094639431685216,0.09244091808795928,0.001939970534294844,0.0020043137483298787,5e-05
324,22:21:15 2019-06-02,0.03123470395803452,0.027916045859456062,0.022297954186797142,0.03540317341685295,0.0006389326299540701,0.0962085872888565,0.006748239509761334,0.01585155911743641,5e-05
325,22:21:15 2019-06-02,0.006089060101658106,0.015303395688533785,0.02512647025287152,0.03946781530976296,0.0006463371100835503,0.07987266033887863,0.017675718292593956,0.02527669444680214,5e-05
326,22:21:16 2019-06-02,0.009101808071136476,0.0807800218462944,0.07976246625185013,0.06367321312427521,0.0014389416901394725,0.06248036772012711,0.01322961039841175,0.015561018139123915,5e-05
327,22:21:16 2019-06-02,0.02603974938392639,0.02724288962781429,0.0180316623300314,0.016747726127505302,0.00027224465156905364,0.06746789813041687,0.0037129640113562346,0.007143252529203892,5e-05
328,22:21:17 2019-06-02,0.0212059747427702,0.024493588134646416,0.03916166350245477,0.026265231892466545,0.008233434520661831,0.09745046496391296,0.008858557790517807,8.091174095170572e-05,5e-05
329,22:21:18 2019-06-02,0.005925200413912536,0.026436999440193176,0.028839493170380592,0.0028650949243456125,0.00525723397731781,0.11246251314878464,0.015567959286272526,7.222428394015877e-05,5e-05
330,22:23:32 2019-06-02,0.061963621526956565,0.08218774199485779,0.08798760920763016,0.11617431789636612,5.683482413587626e-06,0.07783614844083786,0.002051973482593894,0.002028549090027809,0.0001
331,22:24:12 2019-06-02,0.0036905810702592134,0.003953262232244015,0.005209998227655889,0.006252601742744446,8.37274819787126e-06,0.0714542493224144,0.007076304405927658,0.002457255963236093,0.0001
332,22:28:21 2019-06-02,0.061963621526956565,0.08218774199485779,0.08798760920763016,0.11617431789636612,5.683482413587626e-06,0.07783614844083786,0.002051973482593894,0.002028549090027809,0.0001
333,22:30:21 2019-06-02,0.061963621526956565,0.08218774199485779,0.08798760920763016,0.11617431789636612,5.683482413587626e-06,0.07783614844083786,0.002051973482593894,0.002028549090027809,0.0001
334,22:31:06 2019-06-02,0.0036905810702592134,0.003953262232244015,0.005209998227655889,0.006252601742744446,8.37274819787126e-06,0.0714542493224144,0.007076304405927658,0.002457255963236093,0.0001
335,22:31:52 2019-06-02,0.0028248368762433533,0.003348574507981539,0.0034932116977870464,0.004298033658415079,0.001612359075807035,0.06364516913890839,0.005833649542182684,0.003556073410436511,0.0001
336,22:32:34 2019-06-02,0.003353180829435587,0.0028726141899824142,0.003142960602417588,0.004253402817994356,0.0008729289984330535,0.062377989292144775,0.006526425015181303,0.00419938238337636,0.0001
337,22:33:21 2019-06-02,0.001813767245039344,0.002525558229535818,0.002359714359045029,0.0028752947691828012,0.0001831918489187956,0.04903889074921608,0.006390033755451441,0.008691268041729927,0.0001
338,22:33:58 2019-06-02,0.0011182852322235703,0.0016857633600011466,0.0019045184599235647,0.002558416686952114,0.00013721494178753346,0.05913710594177246,0.003998897969722748,0.001335126580670476,0.0001
339,22:34:37 2019-06-02,0.001109627541154623,0.0018902156734839077,0.0021776969078928237,0.0035603260621428494,7.913979789009318e-05,0.05997028201818466,0.004096812568604946,0.003461484331637621,0.0001
340,22:35:30 2019-06-02,0.0008269179379567504,0.0014768911059945822,0.0014620821457356215,0.0028277826495468608,0.0008278569439426062,0.05188119038939476,0.004245709627866745,0.0030653923749923697,0.0001
341,22:36:08 2019-06-02,0.0008616729755885898,0.001220261212438345,0.0016399791929870846,0.002432580105960369,0.00011989515041932464,0.0470832884311676,0.004601332359015943,0.011596156284213066,0.0001
342,22:36:47 2019-06-02,0.0008404923137277365,0.002278220606967807,0.002388039603829384,0.004695228300988674,6.77187999826856e-05,0.05063191056251527,0.005467257928103209,0.01523731183260679,0.0001
343,22:37:26 2019-06-02,0.0006952183903194964,0.0012517542345449328,0.001342815114185214,0.0020066876895725727,0.0003468015929684043,0.04589855298399925,0.0029675529804080725,0.025339074432849884,0.0001
344,22:38:09 2019-06-02,0.0006605432718060911,0.0012011219514533875,0.001193067990243435,0.0032465870026499037,4.704917955677956e-06,0.03865550830960274,0.0061866617761552325,0.016511665657162666,0.0001
345,22:39:37 2019-06-02,0.061963621526956565,0.08218774199485779,0.08798760920763016,0.11617431789636612,5.683482413587626e-06,0.07783614844083786,0.002051973482593894,0.002028549090027809,0.0001
346,22:40:09 2019-06-02,0.05898013338446618,0.048539601266384125,0.1534702479839325,0.14590273797512054,0.003941529896110296,0.12531623244285586,0.004970761016011238,0.0028322278521955013,0.0001
347,22:40:22 2019-06-02,0.005409305915236473,0.007425702176988125,0.008786831982433796,0.009257005527615549,0.0001801193575374782,0.1066197082400322,0.004582404159009457,0.00021918964921496809,0.0001
348,22:40:34 2019-06-02,0.0023491932079195976,0.0034333430230617523,0.0027732220478355885,0.002835368271917105,0.0002676195290405303,0.09152629226446153,0.0030330962035804987,0.0025765595491975546,0.0001
349,22:40:45 2019-06-02,0.0015329309972003102,0.0017137418035417795,0.0016488609835505483,0.001527175772935152,9.620199853088708e-05,0.1091098040342331,0.004479402676224709,0.00120211869943887,0.0001
350,22:40:56 2019-06-02,0.0011278586462140085,0.0010764963226392863,0.0010591114405542614,0.0010396792786195872,0.00010549055150477216,0.09561227262020112,0.003997483756393193,0.0018133919220417734,5e-05
351,22:41:06 2019-06-02,0.0008043962297961116,0.0011566936736926436,0.0008667159709148108,0.0010035769082605839,0.00017453895998187363,0.10286596417427064,0.003765861038118601,0.0013908559922128914,5e-05
352,22:41:17 2019-06-02,0.0008508836035616696,0.0009616641327738762,0.0008264824864454567,0.0008201601449400188,0.00030344212427735334,0.10618411749601364,0.004019168671220541,0.0016876957379281519,5e-05
353,22:41:28 2019-06-02,0.0008186606573872267,0.001385038485750556,0.0008977015386335553,0.0010791888926178217,0.00018572677799966184,0.12243309617042546,0.0030115868430584678,0.001191062037833035,5e-05
354,22:41:39 2019-06-02,0.0007118765497580171,0.000843058165628463,0.0006759738898836076,0.0007526742410846055,8.092418283922598e-05,0.10067769885063173,0.00336082698777318,0.0010815312853083014,2.5e-05
355,22:41:51 2019-06-02,0.000572802615351975,0.000675213523209095,0.0005884577985852957,0.0007136192289181054,9.115140710491688e-05,0.09787791222333908,0.003287489991635084,0.0011903302511200307,2.5e-05
356,22:42:01 2019-06-02,0.0005744131049141287,0.000743985699955374,0.000652204966172576,0.0006919304141774774,7.090567669365555e-05,0.08770082890987396,0.0038665106985718008,0.001212135422974825,2.5e-05
357,22:42:11 2019-06-02,0.0006092808325774968,0.0007175077334977686,0.0005945763550698758,0.0007939548231661321,5.797877383884042e-05,0.09130622446537018,0.003410771256312728,0.0018353918567299843,2.5e-05
358,22:42:21 2019-06-02,0.0005347165279090408,0.0005777270998805761,0.0005590894143097104,0.000673947564791888,0.00010174581984756513,0.10225726664066316,0.003533755894750357,0.0017111748456954956,1.25e-05
359,22:42:32 2019-06-02,0.0004456361057236791,0.0005107271717861295,0.0005302918143570423,0.000570023141335696,0.00012032424274366348,0.09737648069858552,0.003835027338936925,0.001680512330494821,1.25e-05
360,22:42:42 2019-06-02,0.0004519849608186632,0.0006176845054142178,0.0005279232864268124,0.0006701777456328273,0.00016882768250070512,0.10262080281972884,0.0031975321471691127,0.0016324645839631555,1.25e-05
361,22:42:52 2019-06-02,0.0005144777242094278,0.0005925865261815487,0.0004812362312804908,0.0007042386569082737,5.6276334362337366e-05,0.09808018803596497,0.003242445643991232,0.0014549620682373645,1.25e-05
362,22:43:01 2019-06-02,0.00046532353735528886,0.0005127087933942676,0.0004696861433330923,0.0005739170592278242,5.1890267059206956e-05,0.0956336259841919,0.0036277465987950563,0.0017196480184793472,6.25e-06
363,22:43:10 2019-06-02,0.0004603177367243916,0.0004992767935618758,0.0004566134593915193,0.0005693587008863688,4.576701030600816e-05,0.0968107059597969,0.003614849876612425,0.0014941936824470758,6.25e-06
364,22:43:20 2019-06-02,0.00044967795838601887,0.0005103825824335215,0.00048299544141627854,0.0006054104305803777,0.00012117610458517448,0.09941701591014862,0.003690319368615747,0.0013371874811127786,6.25e-06
365,22:43:30 2019-06-02,0.00043431803351268167,0.00045207474613562237,0.0004116110794711858,0.000532057776581496,3.681953239720315e-05,0.0973447859287262,0.0032399296760559078,0.001442058477550745,6.25e-06
366,22:43:41 2019-06-02,0.0003827710170298815,0.0004688612825702876,0.00048314465675503016,0.0005462208064273,5.7630037190392613e-05,0.0953226387500763,0.00367410876788199,0.0016711319331079721,3.125e-06
367,22:43:52 2019-06-02,0.00040221691597253084,0.0004284842871129513,0.00045428291196003567,0.0005682974006049335,4.2637737351469696e-05,0.09509322047233584,0.003488487564027309,0.001313980668783188,3.125e-06
368,22:44:03 2019-06-02,0.0003836177347693592,0.0004733780806418508,0.00046552010462619353,0.0005774586461484432,9.560024045640604e-05,0.09453729540109634,0.0035749352537095547,0.0014209358487278225,3.125e-06
369,22:44:13 2019-06-02,0.0003786151355598122,0.000448541046353057,0.0004403933417052031,0.0005478897364810108,6.77451171213761e-05,0.09787215292453766,0.0034216316416859627,0.001369504607282579,3.125e-06
370,22:44:24 2019-06-02,0.00042697202297858894,0.000432233267929405,0.0004115337505936623,0.0005801619263365865,6.136713636806235e-05,0.09731541574001312,0.0036530722863972187,0.0018240511417388927,1.5625e-06
371,22:44:34 2019-06-02,0.0004028230323456228,0.000430094194598496,0.0004451579588931054,0.0005358080961741507,6.806347664678469e-05,0.09626250714063644,0.003689436241984368,0.0016046337550505994,1.5625e-06
372,22:44:45 2019-06-02,0.0003840922436211258,0.00044647481990978116,0.0003815994423348457,0.0005025628488510847,4.6192875743145116e-05,0.09533746540546416,0.0037966670934110884,0.0015365725848823786,1.5625e-06
373,22:44:55 2019-06-02,0.00040568879921920603,0.00045004588901065285,0.0004274171660654247,0.0005752104334533215,9.429328929400072e-05,0.0956617072224617,0.0036589044611901045,0.0017759200418367984,1.5625e-06
374,22:45:06 2019-06-02,0.0003752213960979134,0.00045446318108588457,0.00044105225242674345,0.0005382446106523275,7.743417518213391e-05,0.0971485674381256,0.0036534827668219813,0.0014138973783701658,7.8125e-07
375,22:45:20 2019-06-02,0.00037017060094513,0.0004184321151115,0.00044261818402446806,0.0005745824309997263,8.02697759354487e-05,0.09702637046575546,0.0036004555877298117,0.0017486229771748185,7.8125e-07
376,22:45:43 2019-06-02,0.05898013338446618,0.048539601266384125,0.1534702479839325,0.14590273797512054,0.003941529896110296,0.12531623244285586,0.004970761016011238,0.0028322278521955013,0.0001
377,23:04:07 2019-06-02,3.805101156234741,1.3512885570526123,0.8963646292686462,3.266127109527588,0.0019539648201316595,0.020129369571805,0.005582920741289854,0.01837058737874031,0.0001
378,23:04:21 2019-06-02,0.10501394420862198,0.5720504522323608,0.29452794790267944,0.7647470235824585,0.00032757583539932966,0.023749630898237232,0.0055598309263587,0.00821000523865223,0.0001
379,23:04:33 2019-06-02,0.004879969637840986,0.007802229840308428,0.016678424552083015,0.0189721379429102,0.00030445659649558365,0.020887039601802826,0.005668698810040951,0.012660675682127476,0.0001
380,23:04:43 2019-06-02,0.0014512564521282911,0.002839017426595093,0.003215809352695943,0.003755863290280104,0.0007520869839936495,0.02775195986032486,0.007352321408689022,0.01100210938602686,0.0001
381,23:04:54 2019-06-02,0.0008766722748987378,0.0015779915265738964,0.001826159888878465,0.0019355145050212734,0.000271276046987623,0.024149112403392792,0.006918247323483229,0.010114021599292757,5e-05
382,23:05:06 2019-06-02,0.0007993622566573322,0.0014635543338954447,0.0014738824684172867,0.0017196169355884194,0.00045435020001605164,0.0281628891825676,0.006963223218917847,0.009914800524711607,5e-05
383,23:05:17 2019-06-02,0.0007832229021005332,0.0013944597449153662,0.00131519534625113,0.001360367750748992,0.0007652242202311754,0.029279105365276337,0.007216921076178552,0.011026930063962936,5e-05
384,23:05:29 2019-06-02,0.0008356196922250093,0.0018062547314912079,0.0016523710219189525,0.0019851489923894405,0.0008425681153312325,0.0300141666084528,0.0066641485318541535,0.010709001682698728,5e-05
385,23:05:39 2019-06-02,0.0006699117366224527,0.0012670415453612804,0.0010831013787537813,0.0011988545302301645,0.00047952655586414034,0.02331694960594177,0.0062325820326805115,0.010725691914558407,2.5e-05
386,23:05:51 2019-06-02,0.0005452381446957588,0.0011646386701613665,0.0009996512671932578,0.0011187009513378145,0.000383795122615993,0.02365090511739254,0.0063986973837018,0.010084003210067749,2.5e-05
387,23:06:01 2019-06-02,0.0005364029202610254,0.0011099808616563678,0.00108360406011343,0.0011360442731529474,0.0003203699889127165,0.022522065788507455,0.006479415576905012,0.010282530449330808,2.5e-05
388,23:06:13 2019-06-02,0.0005652052932418883,0.0010934474412351847,0.0011468639131635427,0.0012820868287235498,0.0003720888926181941,0.02432849071919918,0.006343876477330923,0.010632936842739582,2.5e-05
389,23:06:38 2019-06-02,3.805101156234741,1.3512885570526123,0.8963646292686462,3.266127109527588,0.0019539648201316595,0.020129369571805,0.005582920741289854,0.01837058737874031,0.0001
390,23:06:50 2019-06-02,0.10501394420862198,0.5720504522323608,0.29452794790267944,0.7647470235824585,0.00032757583539932966,0.023749630898237232,0.0055598309263587,0.00821000523865223,0.0001
391,23:07:34 2019-06-02,0.06197512149810791,0.09622692316770554,0.06824932247400284,0.09188318997621536,0.016260568052530292,0.0008457762305624782,0.004512568935751915,0.013248005881905556,0.0001
392,23:07:36 2019-06-02,26.86085700988769,8.567531585693361,40.6817512512207,75.84971618652344,0.007218106649816036,0.015381501987576485,0.011792665347456932,0.008902963250875473,0.0001
393,23:07:38 2019-06-02,1.2145004272460938,1.3993020057678225,2.042308807373047,2.4975876808166504,0.002643207320943475,0.07046549767255783,0.013928278349339962,0.051908500492572784,0.0001
394,23:07:39 2019-06-02,187.7154083251953,56.51182174682617,403.3261413574219,730.8502197265625,0.004572846461087464,0.037137128412723534,0.007921180687844753,0.03528427705168724,0.0001
395,23:07:56 2019-06-02,0.06197512149810791,0.09622692316770554,0.06824932247400284,0.09188318997621536,0.016260568052530292,0.0008457762305624782,0.004512568935751915,0.013248005881905556,0.0001
396,23:07:58 2019-06-02,26.86085700988769,8.567531585693361,40.6817512512207,75.84971618652344,0.007218106649816036,0.015381501987576485,0.011792665347456932,0.008902963250875473,0.0001
397,23:07:59 2019-06-02,1.2145004272460938,1.3993020057678225,2.042308807373047,2.4975876808166504,0.002643207320943475,0.07046549767255783,0.013928278349339962,0.051908500492572784,0.0001
398,23:08:01 2019-06-02,187.7154083251953,56.51182174682617,403.3261413574219,730.8502197265625,0.004572846461087464,0.037137128412723534,0.007921180687844753,0.03528427705168724,0.0001
399,23:08:02 2019-06-02,1.1469504833221436,1.2751330137252808,0.1891292929649353,0.8581051826477051,0.0008867650758475064,0.04526665806770325,0.006767118349671364,0.049907848238945014,5e-05
400,23:08:24 2019-06-02,0.06197512149810791,0.09622692316770554,0.06824932247400284,0.09188318997621536,0.01626056805253029,0.0008457762305624783,0.004512568935751915,0.013248005881905556,0.0001
401,23:08:25 2019-06-02,26.860857009887695,8.56753158569336,40.6817512512207,75.84971618652344,0.007218106649816036,0.015381501987576485,0.011792665347456932,0.008902963250875473,0.0001
402,23:08:27 2019-06-02,1.2145004272460938,1.3993020057678223,2.042308807373047,2.4975876808166504,0.0026432073209434748,0.07046549767255783,0.013928278349339962,0.051908500492572784,0.0001
403,23:08:29 2019-06-02,187.7154083251953,56.51182174682617,403.3261413574219,730.8502197265625,0.004572846461087465,0.03713712841272354,0.007921180687844753,0.03528427705168724,0.0001
404,23:08:30 2019-06-02,1.1469504833221436,1.2751330137252808,0.1891292929649353,0.8581051826477051,0.0008867650758475065,0.04526665806770325,0.006767118349671364,0.04990784823894501,5e-05
405,23:08:32 2019-06-02,1.1155264377593994,0.49090641736984253,3.643228530883789,5.396799087524414,0.0008614397956989706,0.03098660707473755,0.004472310654819012,0.020153937861323357,5e-05
406,23:08:33 2019-06-02,0.8089001178741455,1.326629638671875,1.4525480270385742,1.2504359483718872,0.0009277324425056577,0.045585956424474716,0.0038878752384334803,0.02106357179582119,5e-05
407,23:08:35 2019-06-02,0.3585589528083801,0.6713218688964844,0.1676662117242813,0.7618203163146973,0.0021486864425241947,0.04287504777312279,0.0037703511770814657,0.016106268391013145,5e-05
408,23:08:36 2019-06-02,0.7028679847717285,1.8339996337890625,0.7651982307434082,2.1248536109924316,0.0006100134924054146,0.04298041760921478,0.0038328038062900305,0.022380951792001724,2.5e-05
409,23:08:38 2019-06-02,0.14843815565109253,0.467683345079422,0.05457141995429993,0.16690140962600708,0.00025641880347393453,0.04051459580659866,0.0046798535622656345,0.016919774934649467,2.5e-05
410,23:08:40 2019-06-02,0.35974910855293274,0.09407711774110794,0.41152945160865784,0.13528014719486237,0.008762186393141747,0.04993476718664169,0.006294777616858482,0.01636039838194847,2.5e-05
411,23:08:41 2019-06-02,18.48851776123047,1.9973247051239014,16.90571403503418,2.3074381351470947,0.00010452406422700733,0.03150662034749985,0.003628601785749197,0.02340531535446644,2.5e-05
412,23:08:43 2019-06-02,0.5014498829841614,0.41544315218925476,0.08436307311058044,0.10950115323066711,0.0024025619495660067,0.03835086524486542,0.004346138797700405,0.011495203711092472,1.25e-05
413,23:08:44 2019-06-02,0.4986863434314728,0.7449787855148315,0.23254075646400452,0.08386674523353577,1.1133249245176557e-05,0.030380461364984512,0.0037361555732786655,0.01937541924417019,1.25e-05
414,23:08:46 2019-06-02,0.05141010135412216,0.02217317372560501,0.1286080777645111,0.06984197348356247,0.0011385820107534528,0.03660553693771362,0.00405986187979579,0.014733739197254181,1.25e-05
415,23:08:48 2019-06-02,0.03686028718948364,0.027417350560426712,0.05296296253800392,0.11324043571949005,0.00011533392535056919,0.027134178206324577,0.0035391622222959995,0.019001390784978867,1.25e-05
416,23:08:49 2019-06-02,2.191295623779297,1.1960022449493408,2.1195366382598877,1.278770089149475,0.00038292890531010926,0.0322130061686039,0.0036893258802592754,0.020260591059923172,6.25e-06
417,23:08:50 2019-06-02,1.2089000940322876,0.6277312636375427,3.2920119762420654,2.2043323516845703,0.0002303791552549228,0.027931684628129005,0.00420002406463027,0.010514622554183006,6.25e-06
418,23:08:52 2019-06-02,0.22103576362133026,0.3793361783027649,0.4981782138347626,0.5605846643447876,0.000563165289349854,0.02818935737013817,0.0037592737935483456,0.016289882361888885,6.25e-06
419,23:08:53 2019-06-02,1.9361120462417603,6.045490264892578,1.3539466857910156,4.9989471435546875,0.00011503139103297144,0.02563285641372204,0.003550879890099168,0.01501430757343769,6.25e-06
420,23:08:55 2019-06-02,0.42896389961242676,0.9456102848052979,0.41741856932640076,0.862683892250061,0.00015071083907969296,0.027093742042779922,0.003574931528419256,0.015333153307437897,3.125e-06
421,23:08:57 2019-06-02,0.10836746543645859,0.32423678040504456,0.09259144961833954,0.28420716524124146,0.0003074872074648738,0.02967168018221855,0.003603972028940916,0.017815804108977318,3.125e-06
422,23:08:58 2019-06-02,0.3065055012702942,1.5835168361663818,0.11893677711486816,0.7506749033927917,0.00042781393858604133,0.02922157198190689,0.0037115938030183315,0.01601191610097885,3.125e-06
423,23:09:00 2019-06-02,0.01758391410112381,0.013478854671120644,0.022242195904254913,0.028630416840314865,0.0005037547089159489,0.029423290863633156,0.0038075768388807774,0.014843184500932693,3.125e-06
424,23:09:01 2019-06-02,0.33179375529289246,0.9830459356307983,0.5263312458992004,1.3498934507369995,0.00044266250915825367,0.028859879821538925,0.0037944556679576635,0.014927634969353676,1.5625e-06
425,23:09:03 2019-06-02,0.03124808333814144,0.017705781385302544,0.05608374625444412,0.04201817139983177,0.0004379291203804314,0.02850647270679474,0.0037260085809975863,0.01629861444234848,1.5625e-06
426,23:09:04 2019-06-02,0.015968605875968933,0.48707783222198486,0.02144726738333702,0.505945086479187,0.0004379482998047024,0.028893958777189255,0.0037073027342557907,0.017264043912291527,1.5625e-06
427,23:09:06 2019-06-02,0.027327995747327805,0.011178127489984035,0.06864320486783981,0.035583317279815674,0.00041713082464411855,0.028949150815606117,0.003737826831638813,0.017238421365618706,1.5625e-06
428,23:09:07 2019-06-02,0.010280278511345387,0.030368249863386154,0.015216636471450329,0.029313459992408752,0.00046750600449740887,0.029073018580675125,0.0037615252658724785,0.016750145703554153,7.8125e-07
429,23:09:09 2019-06-02,0.13537776470184326,2.320538282394409,0.9180068969726562,0.7358947992324829,0.00046062725596129894,0.02854188159108162,0.003740365616977215,0.01583794318139553,7.8125e-07
430,23:09:10 2019-06-02,0.029368598014116287,0.08127794414758682,0.018433820456266403,0.04464992135763168,0.0003637456684373319,0.027823645621538162,0.0037196718621999025,0.01573290303349495,7.8125e-07
431,23:09:11 2019-06-02,0.01757889986038208,0.03621004521846771,0.017186446115374565,0.030517742037773132,0.00026427110424265265,0.027707591652870178,0.0037064016796648502,0.01587553322315216,7.8125e-07
432,23:09:13 2019-06-02,0.12513455748558044,0.03839267045259476,0.2854481637477875,0.10388770699501038,0.00025694729993119836,0.027993014082312584,0.0037174951285123825,0.01583956368267536,3.90625e-07
433,23:09:14 2019-06-02,1.2085716724395752,2.1778783798217773,0.12486230581998825,0.0407952181994915,0.00027903448790311813,0.02859117090702057,0.0037495603319257498,0.015649549663066864,3.90625e-07
434,23:09:15 2019-06-02,0.07344759255647659,0.10575301200151443,0.16095960140228271,0.18189002573490143,0.0003121928602922708,0.02911919541656971,0.0037697344087064266,0.015663549304008484,3.90625e-07
435,23:09:17 2019-06-02,0.06642759591341019,0.04236960411071777,0.11168377101421356,0.08481209725141525,0.0003203311061952263,0.029053945094347,0.0037662177346646786,0.015601743943989277,3.90625e-07
436,23:09:18 2019-06-02,0.0425090417265892,0.04153290390968323,0.07672988623380661,0.08171578496694565,0.0003158742911182344,0.029002659022808075,0.0037529279943555593,0.015810828655958176,1.953125e-07
437,23:09:19 2019-06-02,0.010404940694570541,0.013655575923621655,0.01007108110934496,0.01795380376279354,0.0003099820751231164,0.028814535588026047,0.0037377923727035522,0.015947099775075912,1.953125e-07
438,23:09:20 2019-06-02,0.008038528263568878,0.022378243505954742,0.021226244047284126,0.0483897402882576,0.00033108735806308687,0.02877179905772209,0.0037306039594113827,0.016024205833673477,1.953125e-07
439,23:09:22 2019-06-02,0.0260099396109581,0.04641393572092056,0.02472517266869545,0.08736857771873474,0.0003372495120856911,0.02858090028166771,0.003725636750459671,0.016021210700273514,1.953125e-07
440,23:09:23 2019-06-02,0.32833969593048096,0.01636861264705658,0.3553546667098999,0.030614903196692467,0.0003413052763789892,0.028553973883390427,0.0037245608400553465,0.01606735587120056,9.765625e-08
441,23:09:24 2019-06-02,13.046170234680176,1.3490912914276123,9.926427841186523,0.47710567712783813,0.00034102259087376297,0.02843284234404564,0.0037219554651528597,0.016078347340226173,9.765625e-08
442,23:09:26 2019-06-02,0.028839386999607086,0.05473775044083595,0.01526687666773796,0.030029090121388435,0.00034493947168812156,0.028443356975913048,0.0037242332473397255,0.01601296477019787,9.765625e-08
443,23:09:27 2019-06-02,0.012289421632885933,0.016823366284370422,0.01332071516662836,0.020670874044299126,0.0003435010148677975,0.02834898605942726,0.0037241505924612284,0.015954531729221344,9.765625e-08
444,23:09:28 2019-06-02,0.04197105020284653,3.3685011863708496,0.5573458671569824,6.082305431365967,0.0003422452136874199,0.02825697883963585,0.0037228150758892298,0.015932902693748474,4.8828125e-08
445,23:09:30 2019-06-02,0.03400949016213417,0.020036406815052032,0.07099089026451111,0.0387212336063385,0.0003384682349860668,0.028158439323306084,0.003718653693795204,0.015945620834827423,4.8828125e-08
446,23:09:31 2019-06-02,0.05221601575613022,0.020451411604881287,0.07949557900428772,0.045456256717443466,0.00034129517734982073,0.02813771739602089,0.0037172851152718067,0.015961511060595512,4.8828125e-08
447,23:09:32 2019-06-02,0.029380254447460175,0.08460934460163116,0.023116085678339005,0.047254133969545364,0.00033578567672520876,0.028076089918613434,0.0037123882211744785,0.01600869745016098,4.8828125e-08
448,23:09:34 2019-06-02,0.004096992313861847,0.012131504714488983,0.008771562948822975,0.018684038892388344,0.00033138939761556685,0.028043583035469055,0.0037096631713211536,0.016029177233576775,2.44140625e-08
449,23:09:35 2019-06-02,0.05385946109890938,0.01859465427696705,0.015592742711305618,0.04288312420248985,0.00033044302836060524,0.028033211827278137,0.0037090799305588007,0.016021788120269775,2.44140625e-08
450,23:09:37 2019-06-02,0.020066050812602043,0.04768756777048111,0.012910646386444569,0.026015296578407288,0.00033144018379971385,0.0280174370855093,0.00370957562699914,0.016005484387278557,2.44140625e-08
451,23:09:38 2019-06-02,0.21669061481952667,0.1038396805524826,0.0470738559961319,0.13498064875602722,0.00033252895809710026,0.028014957904815674,0.003710059216246009,0.015985678881406784,2.44140625e-08
452,23:09:39 2019-06-02,0.012132453732192516,0.02742389403283596,0.0605553574860096,0.07689167559146881,0.0003313925990369171,0.02800140716135502,0.003709192853420973,0.015990644693374634,1.220703125e-08
453,23:09:40 2019-06-02,0.00786901731044054,0.011149530299007893,0.011256405152380466,0.012844308279454708,0.0003299826930742711,0.027973923832178116,0.0037083521019667387,0.01598602905869484,1.220703125e-08
454,23:09:42 2019-06-02,0.004843776114284992,0.008800492621958256,0.00793368648737669,0.01167993526905775,0.0003292716864962131,0.027952436357736588,0.003708404954522848,0.015961498022079468,1.220703125e-08
455,23:09:43 2019-06-02,0.007868311367928982,0.027713125571608543,0.02352091856300831,0.05731770396232605,0.0003284939448349178,0.027935873717069626,0.0037086354568600655,0.015940187498927116,1.220703125e-08
456,23:09:44 2019-06-02,0.039463575929403305,0.04374296963214874,0.10550743341445923,0.09551145881414413,0.00032829164410941303,0.027931202203035355,0.0037085269577801228,0.0159365963190794,6.103515625e-09
457,23:09:45 2019-06-02,0.007070496678352356,0.01427748054265976,0.021931035444140434,0.025111759081482887,0.00032797688618302345,0.02792552299797535,0.0037082689814269543,0.015936274081468582,6.103515625e-09
458,23:09:47 2019-06-02,0.024617495015263557,0.0712272897362709,0.07564619183540344,0.044435977935791016,0.00032750816899351776,0.02792028710246086,0.0037078040186315775,0.015945270657539368,6.103515625e-09
459,23:09:48 2019-06-02,0.028771482408046722,0.031876347959041595,0.061072416603565216,0.0851602628827095,0.00032688354258425534,0.027911163866519928,0.003707249416038394,0.015954654663801193,6.103515625e-09
460,23:09:49 2019-06-02,0.015788838267326355,0.009390519000589848,0.011989729478955269,0.028838278725743294,0.00032676119008101523,0.027909278869628906,0.0037071469705551863,0.01595572754740715,3.0517578125e-09
461,23:09:50 2019-06-02,0.9934403300285339,0.20578329265117645,1.0795114040374756,0.2421349734067917,0.0003267088904976845,0.02790796384215355,0.003707096679136157,0.015955409035086632,3.0517578125e-09
462,23:09:52 2019-06-02,0.02702474407851696,1.4913513660430908,12.43095588684082,4.719729900360107,0.000326858542393893,0.02790788933634758,0.0037070708349347115,0.015955962240695953,3.0517578125e-09
463,23:09:53 2019-06-02,0.005047075916081667,0.011881130747497082,0.008601265028119087,0.022350167855620384,0.00032712117535993457,0.02791023626923561,0.0037070363759994507,0.015957463532686234,3.0517578125e-09
464,23:09:54 2019-06-02,0.09907443076372147,0.1409868448972702,0.06270869076251984,0.05394000932574272,0.00032717574504204094,0.0279107466340065,0.003706997027620673,0.015958625823259354,1.52587890625e-09
465,23:09:55 2019-06-02,0.06374450027942657,0.018483368679881096,0.08013395220041275,0.02910272404551506,0.0003270712913945317,0.02790933847427368,0.0037069355603307486,0.01595967635512352,1.52587890625e-09
466,23:09:57 2019-06-02,0.01275168638676405,0.0545063354074955,0.01640881411731243,0.03285820782184601,0.00032710249070078135,0.02790956385433674,0.0037069234531372786,0.01596015878021717,1.52587890625e-09
467,23:09:58 2019-06-02,0.02938801236450672,0.1158691942691803,0.02569487877190113,0.12348621338605881,0.00032709777588024735,0.027908990159630775,0.0037069227546453476,0.01596071571111679,1.52587890625e-09
468,23:09:59 2019-06-02,0.05299530178308487,0.05809283256530762,0.049415912479162216,0.05300367996096611,0.00032703543547540903,0.02790839970111847,0.0037068938836455345,0.015960901975631714,7.62939453125e-10
469,23:10:00 2019-06-02,1.1604677438735962,0.7439556121826172,0.18575486540794373,0.06166340410709381,0.00032697286223992705,0.02790781669318676,0.0037068622186779976,0.015961147844791412,7.62939453125e-10
470,23:10:02 2019-06-02,0.8830251097679138,0.016895530745387077,1.4132030010223389,0.08918677270412445,0.000326974899508059,0.027907727286219597,0.003706860588863492,0.015961192548274994,7.62939453125e-10
471,23:10:03 2019-06-02,0.02458428405225277,1.9506731033325195,0.08444221317768097,2.2744293212890625,0.0003269566223025322,0.027907412499189377,0.0037068533711135387,0.015961140394210815,7.62939453125e-10
472,23:10:04 2019-06-02,0.15162144601345062,0.06900502741336823,0.657000720500946,0.5128614902496338,0.000326952722389251,0.027907321229577065,0.0037068489473313093,0.015961172059178352,3.814697265625e-10
473,23:10:05 2019-06-02,0.007064038887619972,0.012664025649428368,0.007424920331686735,0.0195834469050169,0.00032695208210498095,0.02790728211402893,0.003706848481670022,0.015961334109306335,3.814697265625e-10
474,23:10:07 2019-06-02,0.032748546451330185,0.057177964597940445,0.04685071483254433,0.07656887918710709,0.0003269530716352165,0.02790725976228714,0.00370684452354908,0.015961362048983574,3.814697265625e-10
475,23:10:08 2019-06-02,0.016307493671774864,0.10590004175901413,0.05364555865526199,0.23529388010501862,0.00032695438130758703,0.027907205745577812,0.0037068496458232403,0.015961334109306335,3.814697265625e-10
476,23:10:09 2019-06-02,0.13902881741523743,0.10885538905858994,0.2618998885154724,0.26077499985694885,0.0003269551380071789,0.027907202020287514,0.0037068468518555164,0.015961332246661186,1.9073486328125e-10
477,23:10:11 2019-06-02,0.021839795634150505,0.007131627760827541,0.030085811391472816,0.015639545395970345,0.00032695522531867027,0.027907202020287514,0.0037068473175168037,0.01596132479608059,1.9073486328125e-10
478,23:10:12 2019-06-02,0.10418299585580826,0.419879674911499,0.08189118653535843,0.2753557860851288,0.0003269546141382307,0.027907198294997215,0.0037068461533635855,0.01596132293343544,1.9073486328125e-10
479,23:10:13 2019-06-02,0.05837755650281906,0.04339205101132393,0.14707641303539276,0.11347702890634537,0.00032695438130758703,0.027907194569706917,0.0037068473175168037,0.015961315482854843,1.9073486328125e-10
480,23:10:14 2019-06-02,0.5087526440620422,3.9143362045288086,23.4177188873291,32.09785461425781,0.00032695438130758703,0.027907194569706917,0.0037068468518555164,0.015961315482854843,9.5367431640625e-11
481,23:10:16 2019-06-02,0.06313762068748474,0.22700461745262146,0.0565229170024395,0.22317922115325928,0.0003269556618761271,0.027907194569706917,0.0037068468518555164,0.015961304306983948,9.5367431640625e-11
482,23:10:17 2019-06-02,0.1010219156742096,0.06589912623167038,0.20086444914340973,0.16135857999324799,0.0003269562730565667,0.027907205745577812,0.003706849878653884,0.015961291268467903,9.5367431640625e-11
483,23:10:19 2019-06-02,0.332143098115921,0.4174819886684418,0.29218629002571106,0.3924855887889862,0.00032695624395273626,0.02790720947086811,0.0037068489473313093,0.015961287543177605,9.5367431640625e-11
484,23:10:20 2019-06-02,12.013177871704102,62.29750442504883,47.4096565246582,127.80992889404297,0.00032695475965738297,0.027907205745577812,0.0037068487145006657,0.0159612949937582,4.76837158203125e-11
485,23:10:22 2019-06-02,0.008401845581829548,0.015012184157967567,0.011480353772640228,0.020722871646285057,0.0003269556036684662,0.027907205745577812,0.0037068461533635855,0.015961291268467903,4.76837158203125e-11
486,23:10:23 2019-06-02,2.309065580368042,0.6240137815475464,5.461920738220215,9.41897964477539,0.0003269556036684662,0.027907194569706917,0.0037068475503474474,0.015961287543177605,4.76837158203125e-11
487,23:10:25 2019-06-02,0.03072362020611763,0.07857430726289749,0.023341529071331024,0.03326239436864853,0.00032695484696887434,0.027907205745577812,0.0037068461533635855,0.015961291268467903,4.76837158203125e-11
488,23:10:26 2019-06-02,0.006714960560202599,0.015477120876312256,0.03881150484085083,0.02819901704788208,0.0003269556618761271,0.027907205745577812,0.003706846386194229,0.015961287543177605,2.384185791015625e-11
489,23:10:28 2019-06-02,0.0576920211315155,0.11573583632707596,0.13543647527694702,0.15757955610752106,0.00032695551635697484,0.027907205745577812,0.0037068482488393784,0.015961287543177605,2.384185791015625e-11
490,23:10:29 2019-06-02,3.181508779525757,18.60577964782715,34.95526885986328,142.94619750976562,0.00032695551635697484,0.027907205745577812,0.0037068487145006657,0.0159612949937582,2.384185791015625e-11
491,23:10:31 2019-06-02,0.04668014124035835,0.05838356539607048,0.37197911739349365,0.4193043112754822,0.00032695551635697484,0.02790720947086811,0.0037068487145006657,0.015961287543177605,2.384185791015625e-11
492,23:10:32 2019-06-02,0.06667689234018326,0.06030021607875824,0.20759963989257812,0.21651358902454376,0.00032695551635697484,0.02790720947086811,0.0037068487145006657,0.015961287543177605,1.1920928955078126e-11
493,23:10:33 2019-06-02,0.2666521668434143,0.4507061839103699,0.6558775901794434,0.8264806866645813,0.00032695551635697484,0.027907205745577812,0.0037068482488393784,0.015961291268467903,1.1920928955078126e-11
494,23:10:34 2019-06-02,1.0983054637908936,1.7906999588012695,0.5699508190155029,1.2921863794326782,0.00032695551635697484,0.027907205745577812,0.0037068482488393784,0.015961291268467903,1.1920928955078126e-11
495,23:10:36 2019-06-02,0.18749849498271942,0.06849884241819382,0.02655886858701706,0.31593796610832214,0.00032695551635697484,0.02790720947086811,0.0037068482488393784,0.015961287543177605,1.1920928955078126e-11
496,23:10:37 2019-06-02,0.003985500428825617,0.006963063962757587,0.010952992364764214,0.009889270178973675,0.00032695551635697484,0.02790720947086811,0.0037068482488393784,0.015961287543177605,5.960464477539063e-12
497,23:10:38 2019-06-02,0.013584289699792862,0.034504733979701996,0.018423911184072495,0.032255884259939194,0.0003269554872531444,0.027907205745577812,0.0037068482488393784,0.015961287543177605,5.960464477539063e-12
498,23:10:39 2019-06-02,0.009554731659591198,0.011364353820681572,0.011255519464612007,0.014430258423089981,0.0003269554872531444,0.027907205745577812,0.0037068482488393784,0.015961287543177605,5.960464477539063e-12
499,23:10:41 2019-06-02,0.005481979809701443,0.01384811196476221,0.009613092057406902,0.01947377808392048,0.0003269554872531444,0.027907205745577812,0.0037068482488393784,0.015961287543177605,5.960464477539063e-12
